,pokedex_number,name,generation,status,type_number,type_1,type_2,against_normal,against_fire,against_water,against_electric,against_grass,against_ice,against_fight,against_poison,against_ground,against_flying,against_psychic,against_bug,against_rock,against_ghost,against_dragon,against_dark,against_steel,against_fairy
0,1,Bulbasaur,1,Normal,2,Grass,Poison,1,2,0.5,0.5,0.25,2,0.5,1,1,2,2,1,1,1,1,1,1,0.5
1,2,Ivysaur,1,Normal,2,Grass,Poison,1,2,0.5,0.5,0.25,2,0.5,1,1,2,2,1,1,1,1,1,1,0.5
2,3,Venusaur,1,Normal,2,Grass,Poison,1,2,0.5,0.5,0.25,2,0.5,1,1,2,2,1,1,1,1,1,1,0.5
3,3,Mega Venusaur,1,Normal,2,Grass,Poison,1,1,0.5,0.5,0.25,1,0.5,1,1,2,2,1,1,1,1,1,1,0.5
4,4,Charmander,1,Normal,1,Fire,,1,0.5,2,1,0.5,0.5,1,1,2,1,1,0.5,2,1,1,1,0.5,0.5
5,5,Charmeleon,1,Normal,1,Fire,,1,0.5,2,1,0.5,0.5,1,1,2,1,1,0.5,2,1,1,1,0.5,0.5
6,6,Charizard,1,Normal,2,Fire,Flying,1,0.5,2,2,0.25,1,0.5,1,0,1,1,0.25,4,1,1,1,0.5,0.5
7,6,Mega Charizard X,1,Normal,2,Fire,Dragon,1,0.25,1,0.5,0.25,1,1,1,2,1,1,0.5,2,1,2,1,0.5,1
8,6,Mega Charizard Y,1,Normal,2,Fire,Flying,1,0.5,2,2,0.25,1,0.5,1,0,1,1,0.25,4,1,1,1,0.5,0.5
9,7,Squirtle,1,Normal,1,Water,,1,0.5,0.5,2,2,0.5,1,1,1,1,1,1,1,1,1,1,0.5,1
10,8,Wartortle,1,Normal,1,Water,,1,0.5,0.5,2,2,0.5,1,1,1,1,1,1,1,1,1,1,0.5,1
11,9,Blastoise,1,Normal,1,Water,,1,0.5,0.5,2,2,0.5,1,1,1,1,1,1,1,1,1,1,0.5,1
12,9,Mega Blastoise,1,Normal,1,Water,,1,0.5,0.5,2,2,0.5,1,1,1,1,1,1,1,1,1,1,0.5,1
13,10,Caterpie,1,Normal,1,Bug,,1,2,1,1,0.5,1,0.5,1,0.5,2,1,1,2,1,1,1,1,1
14,11,Metapod,1,Normal,1,Bug,,1,2,1,1,0.5,1,0.5,1,0.5,2,1,1,2,1,1,1,1,1
15,12,Butterfree,1,Normal,2,Bug,Flying,1,2,1,2,0.25,2,0.25,1,0,2,1,0.5,4,1,1,1,1,1
16,13,Weedle,1,Normal,2,Bug,Poison,1,2,1,1,0.25,1,0.25,0.5,1,2,2,0.5,2,1,1,1,1,0.5
17,14,Kakuna,1,Normal,2,Bug,Poison,1,2,1,1,0.25,1,0.25,0.5,1,2,2,0.5,2,1,1,1,1,0.5
18,15,Beedrill,1,Normal,2,Bug,Poison,1,2,1,1,0.25,1,0.25,0.5,1,2,2,0.5,2,1,1,1,1,0.5
19,15,Mega Beedrill,1,Normal,2,Bug,Poison,1,2,1,1,0.25,1,0.25,0.5,1,2,2,0.5,2,1,1,1,1,0.5
20,16,Pidgey,1,Normal,2,Normal,Flying,1,1,1,2,0.5,2,1,1,0,1,1,0.5,2,0,1,1,1,1
21,17,Pidgeotto,1,Normal,2,Normal,Flying,1,1,1,2,0.5,2,1,1,0,1,1,0.5,2,0,1,1,1,1
22,18,Pidgeot,1,Normal,2,Normal,Flying,1,1,1,2,0.5,2,1,1,0,1,1,0.5,2,0,1,1,1,1
23,18,Mega Pidgeot,1,Normal,2,Normal,Flying,1,1,1,2,0.5,2,1,1,0,1,1,0.5,2,0,1,1,1,1
24,19,Rattata,1,Normal,1,Normal,,1,1,1,1,1,1,2,1,1,1,1,1,1,0,1,1,1,1
25,19,Alolan Rattata,1,Normal,2,Dark,Normal,1,1,1,1,1,1,4,1,1,1,0,2,1,0,1,0.5,1,2
26,20,Raticate,1,Normal,1,Normal,,1,1,1,1,1,1,2,1,1,1,1,1,1,0,1,1,1,1
27,20,Alolan Raticate,1,Normal,2,Dark,Normal,1,1,1,1,1,1,4,1,1,1,0,2,1,0,1,0.5,1,2
28,21,Spearow,1,Normal,2,Normal,Flying,1,1,1,2,0.5,2,1,1,0,1,1,0.5,2,0,1,1,1,1
29,22,Fearow,1,Normal,2,Normal,Flying,1,1,1,2,0.5,2,1,1,0,1,1,0.5,2,0,1,1,1,1
30,23,Ekans,1,Normal,1,Poison,,1,1,1,1,0.5,1,0.5,0.5,2,1,2,0.5,1,1,1,1,1,0.5
31,24,Arbok,1,Normal,1,Poison,,1,1,1,1,0.5,1,0.5,0.5,2,1,2,0.5,1,1,1,1,1,0.5
32,25,Pikachu,1,Normal,1,Electric,,1,1,1,0.5,1,1,1,1,2,0.5,1,1,1,1,1,1,0.5,1
33,25,Partner Pikachu,1,Normal,1,Electric,,1,1,1,0,1,1,1,1,2,0.5,1,1,1,1,1,1,0.5,1
34,26,Raichu,1,Normal,1,Electric,,1,1,1,0.5,1,1,1,1,2,0.5,1,1,1,1,1,1,0.5,1
35,26,Alolan Raichu,1,Normal,2,Electric,Psychic,1,1,1,0,1,1,1,1,2,0.5,1,1,1,1,1,1,0.5,1
36,27,Sandshrew,1,Normal,1,Ground,,1,1,2,0,2,2,1,0.5,1,1,1,1,0.5,1,1,1,1,1
37,27,Alolan Sandshrew,1,Normal,2,Ice,Steel,0.5,4,1,1,0.5,0.25,4,0,2,0.5,0.5,0.5,1,1,0.5,1,1,0.5
38,28,Sandslash,1,Normal,1,Ground,,1,1,2,0,2,2,1,0.5,1,1,1,1,0.5,1,1,1,1,1
39,28,Alolan Sandslash,1,Normal,2,Ice,Steel,0.5,4,1,1,0.5,0.25,4,0,2,0.5,0.5,0.5,1,1,0.5,1,1,0.5
40,29,Nidoran♀,1,Normal,1,Poison,,1,1,1,1,0.5,1,0.5,0.5,2,1,2,0.5,1,1,1,1,1,0.5
41,30,Nidorina,1,Normal,1,Poison,,1,1,1,1,0.5,1,0.5,0.5,2,1,2,0.5,1,1,1,1,1,0.5
42,31,Nidoqueen,1,Normal,2,Poison,Ground,1,1,2,0,1,2,0.5,0.25,2,1,2,0.5,0.5,1,1,1,1,0.5
43,32,Nidoran♂,1,Normal,1,Poison,,1,1,1,1,0.5,1,0.5,0.5,2,1,2,0.5,1,1,1,1,1,0.5
44,33,Nidorino,1,Normal,1,Poison,,1,1,1,1,0.5,1,0.5,0.5,2,1,2,0.5,1,1,1,1,1,0.5
45,34,Nidoking,1,Normal,2,Poison,Ground,1,1,2,0,1,2,0.5,0.25,2,1,2,0.5,0.5,1,1,1,1,0.5
46,35,Clefairy,1,Normal,1,Fairy,,1,1,1,1,1,1,0.5,2,1,1,1,0.5,1,1,0,0.5,2,1
47,36,Clefable,1,Normal,1,Fairy,,1,1,1,1,1,1,0.5,2,1,1,1,0.5,1,1,0,0.5,2,1
48,37,Vulpix,1,Normal,1,Fire,,1,0,2,1,0.5,0.5,1,1,2,1,1,0.5,2,1,1,1,0.5,0.5
49,37,Alolan Vulpix,1,Normal,1,Ice,,1,0.5,2,1,0.5,0.5,1,1,2,1,1,0.5,2,1,1,1,0.5,0.5
50,38,Ninetales,1,Normal,1,Fire,,1,0,2,1,0.5,0.5,1,1,2,1,1,0.5,2,1,1,1,0.5,0.5
51,38,Alolan Ninetales,1,Normal,2,Ice,Fairy,1,0.5,2,1,0.5,0.5,1,1,2,1,1,0.5,2,1,1,1,0.5,0.5
52,39,Jigglypuff,1,Normal,2,Normal,Fairy,1,1,1,1,1,1,1,2,1,1,1,0.5,1,0,0,0.5,2,1
53,40,Wigglytuff,1,Normal,2,Normal,Fairy,1,1,1,1,1,1,1,2,1,1,1,0.5,1,0,0,0.5,2,1
54,41,Zubat,1,Normal,2,Poison,Flying,1,1,1,2,0.25,2,0.25,0.5,0,1,2,0.25,2,1,1,1,1,0.5
55,42,Golbat,1,Normal,2,Poison,Flying,1,1,1,2,0.25,2,0.25,0.5,0,1,2,0.25,2,1,1,1,1,0.5
56,43,Oddish,1,Normal,2,Grass,Poison,1,2,0.5,0.5,0.25,2,0.5,1,1,2,2,1,1,1,1,1,1,0.5
57,44,Gloom,1,Normal,2,Grass,Poison,1,2,0.5,0.5,0.25,2,0.5,1,1,2,2,1,1,1,1,1,1,0.5
58,45,Vileplume,1,Normal,2,Grass,Poison,1,2,0.5,0.5,0.25,2,0.5,1,1,2,2,1,1,1,1,1,1,0.5
59,46,Paras,1,Normal,2,Bug,Grass,1,4,0.5,0.5,0.25,2,0.5,2,0.25,4,1,2,2,1,1,1,1,1
60,47,Parasect,1,Normal,2,Bug,Grass,1,4,0.5,0.5,0.25,2,0.5,2,0.25,4,1,2,2,1,1,1,1,1
61,48,Venonat,1,Normal,2,Bug,Poison,1,2,1,1,0.25,1,0.25,0.5,1,2,2,0.5,2,1,1,1,1,0.5
62,49,Venomoth,1,Normal,2,Bug,Poison,1,2,1,1,0.25,1,0.25,0.5,1,2,2,0.5,2,1,1,1,1,0.5
63,50,Diglett,1,Normal,1,Ground,,1,1,2,0,2,2,1,0.5,1,1,1,1,0.5,1,1,1,1,1
64,50,Alolan Diglett,1,Normal,2,Ground,Steel,0.5,2,2,0,1,1,2,0,2,0.5,0.5,0.5,0.25,1,0.5,1,0.5,0.5
65,51,Dugtrio,1,Normal,1,Ground,,1,1,2,0,2,2,1,0.5,1,1,1,1,0.5,1,1,1,1,1
66,51,Alolan Dugtrio,1,Normal,2,Ground,Steel,0.5,2,2,0,1,1,2,0,2,0.5,0.5,0.5,0.25,1,0.5,1,0.5,0.5
67,52,Meowth,1,Normal,1,Normal,,1,1,1,1,1,1,2,1,1,1,1,1,1,0,1,1,1,1
68,52,Alolan Meowth,1,Normal,1,Dark,,1,1,1,1,1,1,2,1,1,1,0,2,1,0.5,1,0.5,1,2
69,52,Galarian Meowth,1,Normal,1,Steel,,0.5,2,1,1,0.5,0.5,2,0,2,0.5,0.5,0.5,0.5,1,0.5,1,0.5,0.5
70,53,Persian,1,Normal,1,Normal,,1,1,1,1,1,1,2,1,1,1,1,1,1,0,1,1,1,1
71,53,Alolan Persian,1,Normal,1,Dark,,1,1,1,1,1,1,2,1,1,1,0,2,1,0.5,1,0.5,1,2
72,54,Psyduck,1,Normal,1,Water,,1,0.5,0.5,2,2,0.5,1,1,1,1,1,1,1,1,1,1,0.5,1
73,55,Golduck,1,Normal,1,Water,,1,0.5,0.5,2,2,0.5,1,1,1,1,1,1,1,1,1,1,0.5,1
74,56,Mankey,1,Normal,1,Fighting,,1,1,1,1,1,1,1,1,1,2,2,0.5,0.5,1,1,0.5,1,2
75,57,Primeape,1,Normal,1,Fighting,,1,1,1,1,1,1,1,1,1,2,2,0.5,0.5,1,1,0.5,1,2
76,58,Growlithe,1,Normal,1,Fire,,1,0.5,2,1,0.5,0.5,1,1,2,1,1,0.5,2,1,1,1,0.5,0.5
77,59,Arcanine,1,Normal,1,Fire,,1,0.5,2,1,0.5,0.5,1,1,2,1,1,0.5,2,1,1,1,0.5,0.5
78,60,Poliwag,1,Normal,1,Water,,1,0.5,0,2,2,0.5,1,1,1,1,1,1,1,1,1,1,0.5,1
79,61,Poliwhirl,1,Normal,1,Water,,1,0.5,0,2,2,0.5,1,1,1,1,1,1,1,1,1,1,0.5,1
80,62,Poliwrath,1,Normal,2,Water,Fighting,1,0.5,0,2,2,0.5,1,1,1,2,2,0.5,0.5,1,1,0.5,0.5,2
81,63,Abra,1,Normal,1,Psychic,,1,1,1,1,1,1,0.5,1,1,1,0.5,2,1,2,1,2,1,1
82,64,Kadabra,1,Normal,1,Psychic,,1,1,1,1,1,1,0.5,1,1,1,0.5,2,1,2,1,2,1,1
83,65,Alakazam,1,Normal,1,Psychic,,1,1,1,1,1,1,0.5,1,1,1,0.5,2,1,2,1,2,1,1
84,65,Mega Alakazam,1,Normal,1,Psychic,,1,1,1,1,1,1,0.5,1,1,1,0.5,2,1,2,1,2,1,1
85,66,Machop,1,Normal,1,Fighting,,1,1,1,1,1,1,1,1,1,2,2,0.5,0.5,1,1,0.5,1,2
86,67,Machoke,1,Normal,1,Fighting,,1,1,1,1,1,1,1,1,1,2,2,0.5,0.5,1,1,0.5,1,2
87,68,Machamp,1,Normal,1,Fighting,,1,1,1,1,1,1,1,1,1,2,2,0.5,0.5,1,1,0.5,1,2
88,69,Bellsprout,1,Normal,2,Grass,Poison,1,2,0.5,0.5,0.25,2,0.5,1,1,2,2,1,1,1,1,1,1,0.5
89,70,Weepinbell,1,Normal,2,Grass,Poison,1,2,0.5,0.5,0.25,2,0.5,1,1,2,2,1,1,1,1,1,1,0.5
90,71,Victreebel,1,Normal,2,Grass,Poison,1,2,0.5,0.5,0.25,2,0.5,1,1,2,2,1,1,1,1,1,1,0.5
91,72,Tentacool,1,Normal,2,Water,Poison,1,0.5,0.5,2,1,0.5,0.5,0.5,2,1,2,0.5,1,1,1,1,0.5,0.5
92,73,Tentacruel,1,Normal,2,Water,Poison,1,0.5,0.5,2,1,0.5,0.5,0.5,2,1,2,0.5,1,1,1,1,0.5,0.5
93,74,Geodude,1,Normal,2,Rock,Ground,0.5,0.5,4,0,4,2,2,0.25,2,0.5,1,1,0.5,1,1,1,2,1
94,74,Alolan Geodude,1,Normal,2,Rock,Electric,0.5,0.5,2,0.5,2,1,2,0.5,4,0.25,1,1,1,1,1,1,1,1
95,75,Graveler,1,Normal,2,Rock,Ground,0.5,0.5,4,0,4,2,2,0.25,2,0.5,1,1,0.5,1,1,1,2,1
96,75,Alolan Graveler,1,Normal,2,Rock,Electric,0.5,0.5,2,0.5,2,1,2,0.5,4,0.25,1,1,1,1,1,1,1,1
97,76,Golem,1,Normal,2,Rock,Ground,0.5,0.5,4,0,4,2,2,0.25,2,0.5,1,1,0.5,1,1,1,2,1
98,76,Alolan Golem,1,Normal,2,Rock,Electric,0.5,0.5,2,0.5,2,1,2,0.5,4,0.25,1,1,1,1,1,1,1,1
99,77,Ponyta,1,Normal,1,Fire,,1,0.5,2,1,0.5,0.5,1,1,2,1,1,0.5,2,1,1,1,0.5,0.5
100,77,Galarian Ponyta,1,Normal,1,Psychic,,1,0,2,1,0.5,0.5,1,1,2,1,1,0.5,2,1,1,1,0.5,0.5
101,78,Rapidash,1,Normal,1,Fire,,1,0.5,2,1,0.5,0.5,1,1,2,1,1,0.5,2,1,1,1,0.5,0.5
102,78,Galarian Rapidash,1,Normal,2,Psychic,Fairy,1,0,2,1,0.5,0.5,1,1,2,1,1,0.5,2,1,1,1,0.5,0.5
103,79,Slowpoke,1,Normal,2,Water,Psychic,1,0.5,0.5,2,2,0.5,0.5,1,1,1,0.5,2,1,2,1,2,0.5,1
104,79,Galarian Slowpoke,8,Normal,1,Psychic,,1,1,1,1,1,1,0.5,1,1,1,0.5,2,1,2,1,2,1,1
105,80,Slowbro,1,Normal,2,Water,Psychic,1,0.5,0.5,2,2,0.5,0.5,1,1,1,0.5,2,1,2,1,2,0.5,1
106,80,Mega Slowbro,1,Normal,2,Water,Psychic,1,0.5,0.5,2,2,0.5,0.5,1,1,1,0.5,2,1,2,1,2,0.5,1
107,80,Galarian Slowbro,8,Normal,2,Poison,Psychic,1,1,1,1,0.5,1,0.25,0.5,2,1,1,1,1,2,1,2,1,0.5
108,81,Magnemite,1,Normal,2,Electric,Steel,0.5,2,1,0.5,0.5,0.5,2,0,4,0.25,0.5,0.5,0.5,1,0.5,1,0.25,0.5
109,82,Magneton,1,Normal,2,Electric,Steel,0.5,2,1,0.5,0.5,0.5,2,0,4,0.25,0.5,0.5,0.5,1,0.5,1,0.25,0.5
110,83,Farfetch'd,1,Normal,2,Normal,Flying,1,1,1,2,0.5,2,1,1,0,1,1,0.5,2,0,1,1,1,1
111,83,Galarian Farfetch'd,1,Normal,1,Fighting,,1,1,1,1,1,1,1,1,1,2,2,0.5,0.5,1,1,0.5,1,2
112,84,Doduo,1,Normal,2,Normal,Flying,1,1,1,2,0.5,2,1,1,0,1,1,0.5,2,0,1,1,1,1
113,85,Dodrio,1,Normal,2,Normal,Flying,1,1,1,2,0.5,2,1,1,0,1,1,0.5,2,0,1,1,1,1
114,86,Seel,1,Normal,1,Water,,1,0.25,0.5,2,2,0.25,1,1,1,1,1,1,1,1,1,1,0.5,1
115,87,Dewgong,1,Normal,2,Water,Ice,1,0.5,0.5,2,2,125,2,1,1,1,1,1,2,1,1,1,1,1
116,88,Grimer,1,Normal,1,Poison,,1,1,1,1,0.5,1,0.5,0.5,2,1,2,0.5,1,1,1,1,1,0.5
117,88,Alolan Grimer,1,Normal,2,Poison,Dark,1,1,1,1,0.5,1,1,0.5,2,1,0,1,1,0.5,1,0.5,1,1
118,89,Muk,1,Normal,1,Poison,,1,1,1,1,0.5,1,0.5,0.5,2,1,2,0.5,1,1,1,1,1,0.5
119,89,Alolan Muk,1,Normal,2,Poison,Dark,1,1,1,1,0.5,1,1,0.5,2,1,0,1,1,0.5,1,0.5,1,1
120,90,Shellder,1,Normal,1,Water,,1,0.5,0.5,2,2,0.5,1,1,1,1,1,1,1,1,1,1,0.5,1
121,91,Cloyster,1,Normal,2,Water,Ice,1,1,0.5,2,2,0.25,2,1,1,1,1,1,2,1,1,1,1,1
122,92,Gastly,1,Normal,2,Ghost,Poison,0,1,1,1,0.5,1,0,0.25,0,1,2,0.25,1,2,1,2,1,0.5
123,93,Haunter,1,Normal,2,Ghost,Poison,0,1,1,1,0.5,1,0,0.25,0,1,2,0.25,1,2,1,2,1,0.5
124,94,Gengar,1,Normal,2,Ghost,Poison,0,1,1,1,0.5,1,0,0.25,2,1,2,0.25,1,2,1,2,1,0.5
125,94,Mega Gengar,1,Normal,2,Ghost,Poison,0,1,1,1,0.5,1,0,0.25,2,1,2,0.25,1,2,1,2,1,0.5
126,95,Onix,1,Normal,2,Rock,Ground,0.5,0.5,4,0,4,2,2,0.25,2,0.5,1,1,0.5,1,1,1,2,1
127,96,Drowzee,1,Normal,1,Psychic,,1,1,1,1,1,1,0.5,1,1,1,0.5,2,1,2,1,2,1,1
128,97,Hypno,1,Normal,1,Psychic,,1,1,1,1,1,1,0.5,1,1,1,0.5,2,1,2,1,2,1,1
129,98,Krabby,1,Normal,1,Water,,1,0.5,0.5,2,2,0.5,1,1,1,1,1,1,1,1,1,1,0.5,1
130,99,Kingler,1,Normal,1,Water,,1,0.5,0.5,2,2,0.5,1,1,1,1,1,1,1,1,1,1,0.5,1
131,100,Voltorb,1,Normal,1,Electric,,1,1,1,0.5,1,1,1,1,2,0.5,1,1,1,1,1,1,0.5,1
132,101,Electrode,1,Normal,1,Electric,,1,1,1,0.5,1,1,1,1,2,0.5,1,1,1,1,1,1,0.5,1
133,102,Exeggcute,1,Normal,2,Grass,Psychic,1,2,0.5,0.5,0.5,2,0.5,2,0.5,2,0.5,4,1,2,1,2,1,1
134,103,Exeggutor,1,Normal,2,Grass,Psychic,1,2,0.5,0.5,0.5,2,0.5,2,0.5,2,0.5,4,1,2,1,2,1,1
135,103,Alolan Exeggutor,1,Normal,2,Grass,Dragon,1,1,0.25,0.25,0.25,4,1,2,0.5,2,1,2,1,1,2,1,1,2
136,104,Cubone,1,Normal,1,Ground,,1,1,2,0,2,2,1,0.5,1,1,1,1,0.5,1,1,1,1,1
137,105,Marowak,1,Normal,1,Ground,,1,1,2,0,2,2,1,0.5,1,1,1,1,0.5,1,1,1,1,1
138,105,Alolan Marowak,1,Normal,2,Fire,Ghost,0,0.5,2,1,0.5,0.5,0,0.5,2,1,1,0.25,2,2,1,2,0.5,0.5
139,106,Hitmonlee,1,Normal,1,Fighting,,1,1,1,1,1,1,1,1,1,2,2,0.5,0.5,1,1,0.5,1,2
140,107,Hitmonchan,1,Normal,1,Fighting,,1,1,1,1,1,1,1,1,1,2,2,0.5,0.5,1,1,0.5,1,2
141,108,Lickitung,1,Normal,1,Normal,,1,1,1,1,1,1,2,1,1,1,1,1,1,0,1,1,1,1
142,109,Koffing,1,Normal,1,Poison,,1,1,1,1,0.5,1,0.5,0.5,0,1,2,0.5,1,1,1,1,1,0.5
143,110,Weezing,1,Normal,1,Poison,,1,1,1,1,0.5,1,0.5,0.5,0,1,2,0.5,1,1,1,1,1,0.5
144,110,Galarian Weezing,1,Normal,2,Poison,Fairy,1,1,1,1,0.5,1,0.5,0.5,2,1,2,0.5,1,1,1,1,1,0.5
145,111,Rhyhorn,1,Normal,2,Ground,Rock,0.5,0.5,4,0,4,2,2,0.25,2,0.5,1,1,0.5,1,1,1,2,1
146,112,Rhydon,1,Normal,2,Ground,Rock,0.5,0.5,4,0,4,2,2,0.25,2,0.5,1,1,0.5,1,1,1,2,1
147,113,Chansey,1,Normal,1,Normal,,1,1,1,1,1,1,2,1,1,1,1,1,1,0,1,1,1,1
148,114,Tangela,1,Normal,1,Grass,,1,2,0.5,0.5,0.5,2,1,2,0.5,2,1,2,1,1,1,1,1,1
149,115,Kangaskhan,1,Normal,1,Normal,,1,1,1,1,1,1,2,1,1,1,1,1,1,0,1,1,1,1
150,115,Mega Kangaskhan,1,Normal,1,Normal,,1,1,1,1,1,1,2,1,1,1,1,1,1,0,1,1,1,1
151,116,Horsea,1,Normal,1,Water,,1,0.5,0.5,2,2,0.5,1,1,1,1,1,1,1,1,1,1,0.5,1
152,117,Seadra,1,Normal,1,Water,,1,0.5,0.5,2,2,0.5,1,1,1,1,1,1,1,1,1,1,0.5,1
153,118,Goldeen,1,Normal,1,Water,,1,0.5,0.5,2,2,0.5,1,1,1,1,1,1,1,1,1,1,0.5,1
154,119,Seaking,1,Normal,1,Water,,1,0.5,0.5,2,2,0.5,1,1,1,1,1,1,1,1,1,1,0.5,1
155,120,Staryu,1,Normal,1,Water,,1,0.5,0.5,2,2,0.5,1,1,1,1,1,1,1,1,1,1,0.5,1
156,121,Starmie,1,Normal,2,Water,Psychic,1,0.5,0.5,2,2,0.5,0.5,1,1,1,0.5,2,1,2,1,2,0.5,1
157,122,Mr. Mime,1,Normal,2,Psychic,Fairy,1,1,1,1,1,1,0.25,2,1,1,0.5,1,1,2,0,1,2,1
158,122,Galarian Mr. Mime,1,Normal,2,Psychic,Ice,1,1,1,1,1,1,0.25,1.5,1,1,0.5,1,1,1.5,0,1,1.5,1
159,123,Scyther,1,Normal,2,Bug,Flying,1,2,1,2,0.25,2,0.25,1,0,2,1,0.5,4,1,1,1,1,1
160,124,Jynx,1,Normal,2,Ice,Psychic,1,2,1,1,1,0.5,1,1,1,1,0.5,2,2,2,1,2,2,1
161,125,Electabuzz,1,Normal,1,Electric,,1,1,1,0.5,1,1,1,1,2,0.5,1,1,1,1,1,1,0.5,1
162,126,Magmar,1,Normal,1,Fire,,1,0.5,2,1,0.5,0.5,1,1,2,1,1,0.5,2,1,1,1,0.5,0.5
163,127,Pinsir,1,Normal,1,Bug,,1,2,1,1,0.5,1,0.5,1,0.5,2,1,1,2,1,1,1,1,1
164,127,Mega Pinsir,1,Normal,2,Bug,Flying,1,2,1,2,0.25,2,0.25,1,0,2,1,0.5,4,1,1,1,1,1
165,128,Tauros,1,Normal,1,Normal,,1,1,1,1,1,1,2,1,1,1,1,1,1,0,1,1,1,1
166,129,Magikarp,1,Normal,1,Water,,1,0.5,0.5,2,2,0.5,1,1,1,1,1,1,1,1,1,1,0.5,1
167,130,Gyarados,1,Normal,2,Water,Flying,1,0.5,0.5,4,1,1,0.5,1,0,1,1,0.5,2,1,1,1,0.5,1
168,130,Mega Gyarados,1,Normal,2,Water,Dark,1,0.5,0.5,2,2,0.5,2,1,1,1,0,2,1,0.5,1,0.5,0.5,2
169,131,Lapras,1,Normal,2,Water,Ice,1,1,0,2,2,0.25,2,1,1,1,1,1,2,1,1,1,1,1
170,132,Ditto,1,Normal,1,Normal,,1,1,1,1,1,1,2,1,1,1,1,1,1,0,1,1,1,1
171,133,Eevee,1,Normal,1,Normal,,1,1,1,1,1,1,2,1,1,1,1,1,1,0,1,1,1,1
172,133,Partner Eevee,1,Normal,1,Normal,,1,1,1,1,1,1,2,1,1,1,1,1,1,0,1,1,1,1
173,134,Vaporeon,1,Normal,1,Water,,1,0.5,0,2,2,0.5,1,1,1,1,1,1,1,1,1,1,0.5,1
174,135,Jolteon,1,Normal,1,Electric,,1,1,1,0,1,1,1,1,2,0.5,1,1,1,1,1,1,0.5,1
175,136,Flareon,1,Normal,1,Fire,,1,0,2,1,0.5,0.5,1,1,2,1,1,0.5,2,1,1,1,0.5,0.5
176,137,Porygon,1,Normal,1,Normal,,1,1,1,1,1,1,2,1,1,1,1,1,1,0,1,1,1,1
177,138,Omanyte,1,Normal,2,Rock,Water,0.5,0.25,1,2,4,0.5,2,0.5,2,0.5,1,1,1,1,1,1,1,1
178,139,Omastar,1,Normal,2,Rock,Water,0.5,0.25,1,2,4,0.5,2,0.5,2,0.5,1,1,1,1,1,1,1,1
179,140,Kabuto,1,Normal,2,Rock,Water,0.5,0.25,1,2,4,0.5,2,0.5,2,0.5,1,1,1,1,1,1,1,1
180,141,Kabutops,1,Normal,2,Rock,Water,0.5,0.25,1,2,4,0.5,2,0.5,2,0.5,1,1,1,1,1,1,1,1
181,142,Aerodactyl,1,Normal,2,Rock,Flying,0.5,0.5,2,2,1,2,1,0.5,0,0.5,1,0.5,2,1,1,1,2,1
182,142,Mega Aerodactyl,1,Normal,2,Rock,Flying,0.5,0.5,2,2,1,2,1,0.5,0,0.5,1,0.5,2,1,1,1,2,1
183,143,Snorlax,1,Normal,1,Normal,,1,1,1,1,1,1,2,1,1,1,1,1,1,0,1,1,1,1
184,144,Articuno,1,Sub Legendary,2,Ice,Flying,1,2,1,2,0.5,1,1,1,0,1,1,0.5,4,1,1,1,2,1
185,144,Galarian Articuno,8,Sub Legendary,2,Psychic,Flying,1,1,1,2,0.5,2,0.25,1,0,1,0.5,1,2,2,1,2,1,1
186,145,Zapdos,1,Sub Legendary,2,Electric,Flying,1,1,1,1,0.5,2,0.5,1,0,0.5,1,0.5,2,1,1,1,0.5,1
187,145,Galarian Zapdos,8,Sub Legendary,2,Fighting,Flying,1,1,1,2,0.5,2,0.5,1,0,2,2,0.25,1,1,1,0.5,1,2
188,146,Moltres,1,Sub Legendary,2,Fire,Flying,1,0.5,2,2,0.25,1,0.5,1,0,1,1,0.25,4,1,1,1,0.5,0.5
189,146,Galarian Moltres,8,Sub Legendary,2,Dark,Flying,1,1,1,2,0.5,2,1,1,0,1,0,1,2,0.5,1,0.5,1,2
190,147,Dratini,1,Normal,1,Dragon,,1,0.5,0.5,0.5,0.5,2,1,1,1,1,1,1,1,1,2,1,1,2
191,148,Dragonair,1,Normal,1,Dragon,,1,0.5,0.5,0.5,0.5,2,1,1,1,1,1,1,1,1,2,1,1,2
192,149,Dragonite,1,Normal,2,Dragon,Flying,1,0.5,0.5,1,0.25,4,0.5,1,0,1,1,0.5,2,1,2,1,1,2
193,150,Mewtwo,1,Legendary,1,Psychic,,1,1,1,1,1,1,0.5,1,1,1,0.5,2,1,2,1,2,1,1
194,150,Mega Mewtwo X,1,Legendary,2,Psychic,Fighting,1,1,1,1,1,1,0.5,1,1,2,1,1,0.5,2,1,1,1,2
195,150,Mega Mewtwo Y,1,Legendary,1,Psychic,,1,1,1,1,1,1,0.5,1,1,1,0.5,2,1,2,1,2,1,1
196,151,Mew,1,Mythical,1,Psychic,,1,1,1,1,1,1,0.5,1,1,1,0.5,2,1,2,1,2,1,1
197,152,Chikorita,2,Normal,1,Grass,,1,2,0.5,0.5,0.5,2,1,2,0.5,2,1,2,1,1,1,1,1,1
198,153,Bayleef,2,Normal,1,Grass,,1,2,0.5,0.5,0.5,2,1,2,0.5,2,1,2,1,1,1,1,1,1
199,154,Meganium,2,Normal,1,Grass,,1,2,0.5,0.5,0.5,2,1,2,0.5,2,1,2,1,1,1,1,1,1
200,155,Cyndaquil,2,Normal,1,Fire,,1,0.5,2,1,0.5,0.5,1,1,2,1,1,0.5,2,1,1,1,0.5,0.5
201,156,Quilava,2,Normal,1,Fire,,1,0.5,2,1,0.5,0.5,1,1,2,1,1,0.5,2,1,1,1,0.5,0.5
202,157,Typhlosion,2,Normal,1,Fire,,1,0.5,2,1,0.5,0.5,1,1,2,1,1,0.5,2,1,1,1,0.5,0.5
203,158,Totodile,2,Normal,1,Water,,1,0.5,0.5,2,2,0.5,1,1,1,1,1,1,1,1,1,1,0.5,1
204,159,Croconaw,2,Normal,1,Water,,1,0.5,0.5,2,2,0.5,1,1,1,1,1,1,1,1,1,1,0.5,1
205,160,Feraligatr,2,Normal,1,Water,,1,0.5,0.5,2,2,0.5,1,1,1,1,1,1,1,1,1,1,0.5,1
206,161,Sentret,2,Normal,1,Normal,,1,1,1,1,1,1,2,1,1,1,1,1,1,0,1,1,1,1
207,162,Furret,2,Normal,1,Normal,,1,1,1,1,1,1,2,1,1,1,1,1,1,0,1,1,1,1
208,163,Hoothoot,2,Normal,2,Normal,Flying,1,1,1,2,0.5,2,1,1,0,1,1,0.5,2,0,1,1,1,1
209,164,Noctowl,2,Normal,2,Normal,Flying,1,1,1,2,0.5,2,1,1,0,1,1,0.5,2,0,1,1,1,1
210,165,Ledyba,2,Normal,2,Bug,Flying,1,2,1,2,0.25,2,0.25,1,0,2,1,0.5,4,1,1,1,1,1
211,166,Ledian,2,Normal,2,Bug,Flying,1,2,1,2,0.25,2,0.25,1,0,2,1,0.5,4,1,1,1,1,1
212,167,Spinarak,2,Normal,2,Bug,Poison,1,2,1,1,0.25,1,0.25,0.5,1,2,2,0.5,2,1,1,1,1,0.5
213,168,Ariados,2,Normal,2,Bug,Poison,1,2,1,1,0.25,1,0.25,0.5,1,2,2,0.5,2,1,1,1,1,0.5
214,169,Crobat,2,Normal,2,Poison,Flying,1,1,1,2,0.25,2,0.25,0.5,0,1,2,0.25,2,1,1,1,1,0.5
215,170,Chinchou,2,Normal,2,Water,Electric,1,0.5,0.5,0,2,0.5,1,1,2,0.5,1,1,1,1,1,1,0.25,1
216,171,Lanturn,2,Normal,2,Water,Electric,1,0.5,0.5,0,2,0.5,1,1,2,0.5,1,1,1,1,1,1,0.25,1
217,172,Pichu,2,Normal,1,Electric,,1,1,1,0.5,1,1,1,1,2,0.5,1,1,1,1,1,1,0.5,1
218,173,Cleffa,2,Normal,1,Fairy,,1,1,1,1,1,1,0.5,2,1,1,1,0.5,1,1,0,0.5,2,1
219,174,Igglybuff,2,Normal,2,Normal,Fairy,1,1,1,1,1,1,1,2,1,1,1,0.5,1,0,0,0.5,2,1
220,175,Togepi,2,Normal,1,Fairy,,1,1,1,1,1,1,0.5,2,1,1,1,0.5,1,1,0,0.5,2,1
221,176,Togetic,2,Normal,2,Fairy,Flying,1,1,1,2,0.5,2,0.25,2,0,1,1,0.25,2,1,0,0.5,2,1
222,177,Natu,2,Normal,2,Psychic,Flying,1,1,1,2,0.5,2,0.25,1,0,1,0.5,1,2,2,1,2,1,1
223,178,Xatu,2,Normal,2,Psychic,Flying,1,1,1,2,0.5,2,0.25,1,0,1,0.5,1,2,2,1,2,1,1
224,179,Mareep,2,Normal,1,Electric,,1,1,1,0.5,1,1,1,1,2,0.5,1,1,1,1,1,1,0.5,1
225,180,Flaaffy,2,Normal,1,Electric,,1,1,1,0.5,1,1,1,1,2,0.5,1,1,1,1,1,1,0.5,1
226,181,Ampharos,2,Normal,1,Electric,,1,1,1,0.5,1,1,1,1,2,0.5,1,1,1,1,1,1,0.5,1
227,181,Mega Ampharos,2,Normal,2,Electric,Dragon,1,0.5,0.5,0.25,0.5,2,1,1,2,0.5,1,1,1,1,2,1,0.5,2
228,182,Bellossom,2,Normal,1,Grass,,1,2,0.5,0.5,0.5,2,1,2,0.5,2,1,2,1,1,1,1,1,1
229,183,Marill,2,Normal,2,Water,Fairy,1,0.25,0.5,2,2,0.25,0.5,2,1,1,1,0.5,1,1,0,0.5,1,1
230,184,Azumarill,2,Normal,2,Water,Fairy,1,0.25,0.5,2,2,0.25,0.5,2,1,1,1,0.5,1,1,0,0.5,1,1
231,185,Sudowoodo,2,Normal,1,Rock,,0.5,0.5,2,1,2,1,2,0.5,2,0.5,1,1,1,1,1,1,2,1
232,186,Politoed,2,Normal,1,Water,,1,0.5,0,2,2,0.5,1,1,1,1,1,1,1,1,1,1,0.5,1
233,187,Hoppip,2,Normal,2,Grass,Flying,1,2,0.5,1,0.25,4,0.5,2,0,2,1,1,2,1,1,1,1,1
234,188,Skiploom,2,Normal,2,Grass,Flying,1,2,0.5,1,0.25,4,0.5,2,0,2,1,1,2,1,1,1,1,1
235,189,Jumpluff,2,Normal,2,Grass,Flying,1,2,0.5,1,0.25,4,0.5,2,0,2,1,1,2,1,1,1,1,1
236,190,Aipom,2,Normal,1,Normal,,1,1,1,1,1,1,2,1,1,1,1,1,1,0,1,1,1,1
237,191,Sunkern,2,Normal,1,Grass,,1,2,0.5,0.5,0.5,2,1,2,0.5,2,1,2,1,1,1,1,1,1
238,192,Sunflora,2,Normal,1,Grass,,1,2,0.5,0.5,0.5,2,1,2,0.5,2,1,2,1,1,1,1,1,1
239,193,Yanma,2,Normal,2,Bug,Flying,1,2,1,2,0.25,2,0.25,1,0,2,1,0.5,4,1,1,1,1,1
240,194,Wooper,2,Normal,2,Water,Ground,1,0.5,1,0,4,1,1,0.5,1,1,1,1,0.5,1,1,1,0.5,1
241,195,Quagsire,2,Normal,2,Water,Ground,1,0.5,1,0,4,1,1,0.5,1,1,1,1,0.5,1,1,1,0.5,1
242,196,Espeon,2,Normal,1,Psychic,,1,1,1,1,1,1,0.5,1,1,1,0.5,2,1,2,1,2,1,1
243,197,Umbreon,2,Normal,1,Dark,,1,1,1,1,1,1,2,1,1,1,0,2,1,0.5,1,0.5,1,2
244,198,Murkrow,2,Normal,2,Dark,Flying,1,1,1,2,0.5,2,1,1,0,1,0,1,2,0.5,1,0.5,1,2
245,199,Slowking,2,Normal,2,Water,Psychic,1,0.5,0.5,2,2,0.5,0.5,1,1,1,0.5,2,1,2,1,2,0.5,1
246,199,Galarian Slowking,8,Normal,2,Poison,Psychic,1,1,1,1,0.5,1,0.5,0.5,2,1,1,1,1,2,1,2,1,0.5
247,200,Misdreavus,2,Normal,1,Ghost,,0,1,1,1,1,1,0,0.5,0,1,1,0.5,1,2,1,2,1,1
248,201,Unown,2,Normal,1,Psychic,,1,1,1,1,1,1,0.5,1,0,1,0.5,2,1,2,1,2,1,1
249,202,Wobbuffet,2,Normal,1,Psychic,,1,1,1,1,1,1,0.5,1,1,1,0.5,2,1,2,1,2,1,1
250,203,Girafarig,2,Normal,2,Normal,Psychic,1,1,1,1,1,1,1,1,1,1,0.5,2,1,0,1,2,1,1
251,204,Pineco,2,Normal,1,Bug,,1,2,1,1,0.5,1,0.5,1,0.5,2,1,1,2,1,1,1,1,1
252,205,Forretress,2,Normal,2,Bug,Steel,0.5,4,1,1,0.25,0.5,1,0,1,1,0.5,0.5,1,1,0.5,1,0.5,0.5
253,206,Dunsparce,2,Normal,1,Normal,,1,1,1,1,1,1,2,1,1,1,1,1,1,0,1,1,1,1
254,207,Gligar,2,Normal,2,Ground,Flying,1,1,2,0,1,4,0.5,0.5,0,1,1,0.5,1,1,1,1,1,1
255,208,Steelix,2,Normal,2,Steel,Ground,0.5,2,2,0,1,1,2,0,2,0.5,0.5,0.5,0.25,1,0.5,1,0.5,0.5
256,208,Mega Steelix,2,Normal,2,Steel,Ground,0.5,2,2,0,1,1,2,0,2,0.5,0.5,0.5,0.25,1,0.5,1,0.5,0.5
257,209,Snubbull,2,Normal,1,Fairy,,1,1,1,1,1,1,0.5,2,1,1,1,0.5,1,1,0,0.5,2,1
258,210,Granbull,2,Normal,1,Fairy,,1,1,1,1,1,1,0.5,2,1,1,1,0.5,1,1,0,0.5,2,1
259,211,Qwilfish,2,Normal,2,Water,Poison,1,0.5,0.5,2,1,0.5,0.5,0.5,2,1,2,0.5,1,1,1,1,0.5,0.5
260,212,Scizor,2,Normal,2,Bug,Steel,0.5,4,1,1,0.25,0.5,1,0,1,1,0.5,0.5,1,1,0.5,1,0.5,0.5
261,212,Mega Scizor,2,Normal,2,Bug,Steel,0.5,4,1,1,0.25,0.5,1,0,1,1,0.5,0.5,1,1,0.5,1,0.5,0.5
262,213,Shuckle,2,Normal,2,Bug,Rock,0.5,1,2,1,1,1,1,0.5,1,1,1,1,2,1,1,1,2,1
263,214,Heracross,2,Normal,2,Bug,Fighting,1,2,1,1,0.5,1,0.5,1,0.5,4,2,0.5,1,1,1,0.5,1,2
264,214,Mega Heracross,2,Normal,2,Bug,Fighting,1,2,1,1,0.5,1,0.5,1,0.5,4,2,0.5,1,1,1,0.5,1,2
265,215,Sneasel,2,Normal,2,Dark,Ice,1,2,1,1,1,0.5,4,1,1,1,0,2,2,0.5,1,0.5,2,2
266,216,Teddiursa,2,Normal,1,Normal,,1,1,1,1,1,1,2,1,1,1,1,1,1,0,1,1,1,1
267,217,Ursaring,2,Normal,1,Normal,,1,1,1,1,1,1,2,1,1,1,1,1,1,0,1,1,1,1
268,218,Slugma,2,Normal,1,Fire,,1,0.5,2,1,0.5,0.5,1,1,2,1,1,0.5,2,1,1,1,0.5,0.5
269,219,Magcargo,2,Normal,2,Fire,Rock,0.5,0.25,4,1,1,0.5,2,0.5,4,0.5,1,0.5,2,1,1,1,1,0.5
270,220,Swinub,2,Normal,2,Ice,Ground,1,2,2,0,2,1,2,0.5,1,1,1,1,1,1,1,1,2,1
271,221,Piloswine,2,Normal,2,Ice,Ground,1,2,2,0,2,1,2,0.5,1,1,1,1,1,1,1,1,2,1
272,222,Corsola,2,Normal,2,Water,Rock,0.5,0.25,1,2,4,0.5,2,0.5,2,0.5,1,1,1,1,1,1,1,1
273,222,Galarian Corsola,2,Normal,1,Ghost,,0,1,1,1,1,1,0,0.5,1,1,1,0.5,1,2,1,2,1,1
274,223,Remoraid,2,Normal,1,Water,,1,0.5,0.5,2,2,0.5,1,1,1,1,1,1,1,1,1,1,0.5,1
275,224,Octillery,2,Normal,1,Water,,1,0.5,0.5,2,2,0.5,1,1,1,1,1,1,1,1,1,1,0.5,1
276,225,Delibird,2,Normal,2,Ice,Flying,1,2,1,2,0.5,1,1,1,0,1,1,0.5,4,1,1,1,2,1
277,226,Mantine,2,Normal,2,Water,Flying,1,0.5,0.5,4,1,1,0.5,1,0,1,1,0.5,2,1,1,1,0.5,1
278,227,Skarmory,2,Normal,2,Steel,Flying,0.5,2,1,2,0.25,1,1,0,0,0.5,0.5,0.25,1,1,0.5,1,0.5,0.5
279,228,Houndour,2,Normal,2,Dark,Fire,1,0.5,2,1,0.5,0.5,2,1,2,1,0,1,2,0.5,1,0.5,0.5,1
280,229,Houndoom,2,Normal,2,Dark,Fire,1,0.5,2,1,0.5,0.5,2,1,2,1,0,1,2,0.5,1,0.5,0.5,1
281,229,Mega Houndoom,2,Normal,2,Dark,Fire,1,0,2,1,0.5,0.5,2,1,2,1,0,1,2,0.5,1,0.5,0.5,1
282,230,Kingdra,2,Normal,2,Water,Dragon,1,0.25,0.25,1,1,1,1,1,1,1,1,1,1,1,2,1,0.5,2
283,231,Phanpy,2,Normal,1,Ground,,1,1,2,0,2,2,1,0.5,1,1,1,1,0.5,1,1,1,1,1
284,232,Donphan,2,Normal,1,Ground,,1,1,2,0,2,2,1,0.5,1,1,1,1,0.5,1,1,1,1,1
285,233,Porygon2,2,Normal,1,Normal,,1,1,1,1,1,1,2,1,1,1,1,1,1,0,1,1,1,1
286,234,Stantler,2,Normal,1,Normal,,1,1,1,1,1,1,2,1,1,1,1,1,1,0,1,1,1,1
287,235,Smeargle,2,Normal,1,Normal,,1,1,1,1,1,1,2,1,1,1,1,1,1,0,1,1,1,1
288,236,Tyrogue,2,Normal,1,Fighting,,1,1,1,1,1,1,1,1,1,2,2,0.5,0.5,1,1,0.5,1,2
289,237,Hitmontop,2,Normal,1,Fighting,,1,1,1,1,1,1,1,1,1,2,2,0.5,0.5,1,1,0.5,1,2
290,238,Smoochum,2,Normal,2,Ice,Psychic,1,2,1,1,1,0.5,1,1,1,1,0.5,2,2,2,1,2,2,1
291,239,Elekid,2,Normal,1,Electric,,1,1,1,0.5,1,1,1,1,2,0.5,1,1,1,1,1,1,0.5,1
292,240,Magby,2,Normal,1,Fire,,1,0.5,2,1,0.5,0.5,1,1,2,1,1,0.5,2,1,1,1,0.5,0.5
293,241,Miltank,2,Normal,1,Normal,,1,0.5,1,1,1,0.5,2,1,1,1,1,1,1,0,1,1,1,1
294,242,Blissey,2,Normal,1,Normal,,1,1,1,1,1,1,2,1,1,1,1,1,1,0,1,1,1,1
295,243,Raikou,2,Sub Legendary,1,Electric,,1,1,1,0.5,1,1,1,1,2,0.5,1,1,1,1,1,1,0.5,1
296,244,Entei,2,Sub Legendary,1,Fire,,1,0.5,2,1,0.5,0.5,1,1,2,1,1,0.5,2,1,1,1,0.5,0.5
297,245,Suicune,2,Sub Legendary,1,Water,,1,0.5,0.5,2,2,0.5,1,1,1,1,1,1,1,1,1,1,0.5,1
298,246,Larvitar,2,Normal,2,Rock,Ground,0.5,0.5,4,0,4,2,2,0.25,2,0.5,1,1,0.5,1,1,1,2,1
299,247,Pupitar,2,Normal,2,Rock,Ground,0.5,0.5,4,0,4,2,2,0.25,2,0.5,1,1,0.5,1,1,1,2,1
300,248,Tyranitar,2,Normal,2,Rock,Dark,0.5,0.5,2,1,2,1,4,0.5,2,0.5,0,2,1,0.5,1,0.5,2,2
301,248,Mega Tyranitar,2,Normal,2,Rock,Dark,0.5,0.5,2,1,2,1,4,0.5,2,0.5,0,2,1,0.5,1,0.5,2,2
302,249,Lugia,2,Legendary,2,Psychic,Flying,1,1,1,2,0.5,2,0.25,1,0,1,0.5,1,2,2,1,2,1,1
303,250,Ho-oh,2,Legendary,2,Fire,Flying,1,0.5,2,2,0.25,1,0.5,1,0,1,1,0.25,4,1,1,1,0.5,0.5
304,251,Celebi,2,Mythical,2,Psychic,Grass,1,2,0.5,0.5,0.5,2,0.5,2,0.5,2,0.5,4,1,2,1,2,1,1
305,252,Treecko,3,Normal,1,Grass,,1,2,0.5,0.5,0.5,2,1,2,0.5,2,1,2,1,1,1,1,1,1
306,253,Grovyle,3,Normal,1,Grass,,1,2,0.5,0.5,0.5,2,1,2,0.5,2,1,2,1,1,1,1,1,1
307,254,Sceptile,3,Normal,1,Grass,,1,2,0.5,0.5,0.5,2,1,2,0.5,2,1,2,1,1,1,1,1,1
308,254,Mega Sceptile,3,Normal,2,Grass,Dragon,1,1,0.25,0,0.25,4,1,2,0.5,2,1,2,1,1,2,1,1,2
309,255,Torchic,3,Normal,1,Fire,,1,0.5,2,1,0.5,0.5,1,1,2,1,1,0.5,2,1,1,1,0.5,0.5
310,256,Combusken,3,Normal,2,Fire,Fighting,1,0.5,2,1,0.5,0.5,1,1,2,2,2,0.25,1,1,1,0.5,0.5,1
311,257,Blaziken,3,Normal,2,Fire,Fighting,1,0.5,2,1,0.5,0.5,1,1,2,2,2,0.25,1,1,1,0.5,0.5,1
312,257,Mega Blaziken,3,Normal,2,Fire,Fighting,1,0.5,2,1,0.5,0.5,1,1,2,2,2,0.25,1,1,1,0.5,0.5,1
313,258,Mudkip,3,Normal,1,Water,,1,0.5,0.5,2,2,0.5,1,1,1,1,1,1,1,1,1,1,0.5,1
314,259,Marshtomp,3,Normal,2,Water,Ground,1,0.5,1,0,4,1,1,0.5,1,1,1,1,0.5,1,1,1,0.5,1
315,260,Swampert,3,Normal,2,Water,Ground,1,0.5,1,0,4,1,1,0.5,1,1,1,1,0.5,1,1,1,0.5,1
316,260,Mega Swampert,3,Normal,2,Water,Ground,1,0.5,1,0,4,1,1,0.5,1,1,1,1,0.5,1,1,1,0.5,1
317,261,Poochyena,3,Normal,1,Dark,,1,1,1,1,1,1,2,1,1,1,0,2,1,0.5,1,0.5,1,2
318,262,Mightyena,3,Normal,1,Dark,,1,1,1,1,1,1,2,1,1,1,0,2,1,0.5,1,0.5,1,2
319,263,Zigzagoon,3,Normal,1,Normal,,1,1,1,1,1,1,2,1,1,1,1,1,1,0,1,1,1,1
320,263,Galarian Zigzagoon,3,Normal,2,Dark,Normal,1,1,1,1,1,1,4,1,1,1,0,2,1,0,1,0.5,1,2
321,264,Linoone,3,Normal,1,Normal,,1,1,1,1,1,1,2,1,1,1,1,1,1,0,1,1,1,1
322,264,Galarian Linoone,3,Normal,2,Dark,Normal,1,1,1,1,1,1,4,1,1,1,0,2,1,0,1,0.5,1,2
323,265,Wurmple,3,Normal,1,Bug,,1,2,1,1,0.5,1,0.5,1,0.5,2,1,1,2,1,1,1,1,1
324,266,Silcoon,3,Normal,1,Bug,,1,2,1,1,0.5,1,0.5,1,0.5,2,1,1,2,1,1,1,1,1
325,267,Beautifly,3,Normal,2,Bug,Flying,1,2,1,2,0.25,2,0.25,1,0,2,1,0.5,4,1,1,1,1,1
326,268,Cascoon,3,Normal,1,Bug,,1,2,1,1,0.5,1,0.5,1,0.5,2,1,1,2,1,1,1,1,1
327,269,Dustox,3,Normal,2,Bug,Poison,1,2,1,1,0.25,1,0.25,0.5,1,2,2,0.5,2,1,1,1,1,0.5
328,270,Lotad,3,Normal,2,Water,Grass,1,1,0.25,1,1,1,1,2,0.5,2,1,2,1,1,1,1,0.5,1
329,271,Lombre,3,Normal,2,Water,Grass,1,1,0.25,1,1,1,1,2,0.5,2,1,2,1,1,1,1,0.5,1
330,272,Ludicolo,3,Normal,2,Water,Grass,1,1,0.25,1,1,1,1,2,0.5,2,1,2,1,1,1,1,0.5,1
331,273,Seedot,3,Normal,1,Grass,,1,2,0.5,0.5,0.5,2,1,2,0.5,2,1,2,1,1,1,1,1,1
332,274,Nuzleaf,3,Normal,2,Grass,Dark,1,2,0.5,0.5,0.5,2,2,2,0.5,2,0,4,1,0.5,1,0.5,1,2
333,275,Shiftry,3,Normal,2,Grass,Dark,1,2,0.5,0.5,0.5,2,2,2,0.5,2,0,4,1,0.5,1,0.5,1,2
334,276,Taillow,3,Normal,2,Normal,Flying,1,1,1,2,0.5,2,1,1,0,1,1,0.5,2,0,1,1,1,1
335,277,Swellow,3,Normal,2,Normal,Flying,1,1,1,2,0.5,2,1,1,0,1,1,0.5,2,0,1,1,1,1
336,278,Wingull,3,Normal,2,Water,Flying,1,0.5,0.5,4,1,1,0.5,1,0,1,1,0.5,2,1,1,1,0.5,1
337,279,Pelipper,3,Normal,2,Water,Flying,1,0.5,0.5,4,1,1,0.5,1,0,1,1,0.5,2,1,1,1,0.5,1
338,280,Ralts,3,Normal,2,Psychic,Fairy,1,1,1,1,1,1,0.25,2,1,1,0.5,1,1,2,0,1,2,1
339,281,Kirlia,3,Normal,2,Psychic,Fairy,1,1,1,1,1,1,0.25,2,1,1,0.5,1,1,2,0,1,2,1
340,282,Gardevoir,3,Normal,2,Psychic,Fairy,1,1,1,1,1,1,0.25,2,1,1,0.5,1,1,2,0,1,2,1
341,282,Mega Gardevoir,3,Normal,2,Psychic,Fairy,1,1,1,1,1,1,0.25,2,1,1,0.5,1,1,2,0,1,2,1
342,283,Surskit,3,Normal,2,Bug,Water,1,1,0.5,2,1,0.5,0.5,1,0.5,2,1,1,2,1,1,1,0.5,1
343,284,Masquerain,3,Normal,2,Bug,Flying,1,2,1,2,0.25,2,0.25,1,0,2,1,0.5,4,1,1,1,1,1
344,285,Shroomish,3,Normal,1,Grass,,1,2,0.5,0.5,0.5,2,1,2,0.5,2,1,2,1,1,1,1,1,1
345,286,Breloom,3,Normal,2,Grass,Fighting,1,2,0.5,0.5,0.5,2,1,2,0.5,4,2,1,0.5,1,1,0.5,1,2
346,287,Slakoth,3,Normal,1,Normal,,1,1,1,1,1,1,2,1,1,1,1,1,1,0,1,1,1,1
347,288,Vigoroth,3,Normal,1,Normal,,1,1,1,1,1,1,2,1,1,1,1,1,1,0,1,1,1,1
348,289,Slaking,3,Normal,1,Normal,,1,1,1,1,1,1,2,1,1,1,1,1,1,0,1,1,1,1
349,290,Nincada,3,Normal,2,Bug,Ground,1,2,2,0,1,2,0.5,0.5,0.5,2,1,1,1,1,1,1,1,1
350,291,Ninjask,3,Normal,2,Bug,Flying,1,2,1,2,0.25,2,0.25,1,0,2,1,0.5,4,1,1,1,1,1
351,292,Shedinja,3,Normal,2,Bug,Ghost,0,2,0,0,0,0,0,0,0,2,0,0,2,2,0,2,0,0
352,293,Whismur,3,Normal,1,Normal,,1,1,1,1,1,1,2,1,1,1,1,1,1,0,1,1,1,1
353,294,Loudred,3,Normal,1,Normal,,1,1,1,1,1,1,2,1,1,1,1,1,1,0,1,1,1,1
354,295,Exploud,3,Normal,1,Normal,,1,1,1,1,1,1,2,1,1,1,1,1,1,0,1,1,1,1
355,296,Makuhita,3,Normal,1,Fighting,,1,0.5,1,1,1,0.5,1,1,1,2,2,0.5,0.5,1,1,0.5,1,2
356,297,Hariyama,3,Normal,1,Fighting,,1,0.5,1,1,1,0.5,1,1,1,2,2,0.5,0.5,1,1,0.5,1,2
357,298,Azurill,3,Normal,2,Normal,Fairy,1,0.5,1,1,1,0.5,1,2,1,1,1,0.5,1,0,0,0.5,2,1
358,299,Nosepass,3,Normal,1,Rock,,0.5,0.5,2,1,2,1,2,0.5,2,0.5,1,1,1,1,1,1,2,1
359,300,Skitty,3,Normal,1,Normal,,1,1,1,1,1,1,2,1,1,1,1,1,1,0,1,1,1,1
360,301,Delcatty,3,Normal,1,Normal,,1,1,1,1,1,1,2,1,1,1,1,1,1,0,1,1,1,1
361,302,Sableye,3,Normal,2,Dark,Ghost,0,1,1,1,1,1,0,0.5,1,1,0,1,1,1,1,1,1,2
362,302,Mega Sableye,3,Normal,2,Dark,Ghost,0,1,1,1,1,1,0,0.5,1,1,0,1,1,1,1,1,1,2
363,303,Mawile,3,Normal,2,Steel,Fairy,0.5,2,1,1,0.5,0.5,1,0,2,0.5,0.5,0.25,0.5,1,0,0.5,1,0.5
364,303,Mega Mawile,3,Normal,2,Steel,Fairy,0.5,2,1,1,0.5,0.5,1,0,2,0.5,0.5,0.25,0.5,1,0,0.5,1,0.5
365,304,Aron,3,Normal,2,Steel,Rock,0.25,1,2,1,1,0.5,4,0,4,0.25,0.5,0.5,0.5,1,0.5,1,1,0.5
366,305,Lairon,3,Normal,2,Steel,Rock,0.25,1,2,1,1,0.5,4,0,4,0.25,0.5,0.5,0.5,1,0.5,1,1,0.5
367,306,Aggron,3,Normal,2,Steel,Rock,0.25,1,2,1,1,0.5,4,0,4,0.25,0.5,0.5,0.5,1,0.5,1,1,0.5
368,306,Mega Aggron,3,Normal,1,Steel,,0.5,1.5,1,1,0.5,0.5,1.5,0,1.5,0.5,0.5,0.5,0.5,1,0.5,1,0.5,0.5
369,307,Meditite,3,Normal,2,Fighting,Psychic,1,1,1,1,1,1,0.5,1,1,2,1,1,0.5,2,1,1,1,2
370,308,Medicham,3,Normal,2,Fighting,Psychic,1,1,1,1,1,1,0.5,1,1,2,1,1,0.5,2,1,1,1,2
371,308,Mega Medicham,3,Normal,2,Fighting,Psychic,1,1,1,1,1,1,0.5,1,1,2,1,1,0.5,2,1,1,1,2
372,309,Electrike,3,Normal,1,Electric,,1,1,1,0.5,1,1,1,1,2,0.5,1,1,1,1,1,1,0.5,1
373,310,Manectric,3,Normal,1,Electric,,1,1,1,0.5,1,1,1,1,2,0.5,1,1,1,1,1,1,0.5,1
374,310,Mega Manectric,3,Normal,1,Electric,,1,1,1,0,1,1,1,1,2,0.5,1,1,1,1,1,1,0.5,1
375,311,Plusle,3,Normal,1,Electric,,1,1,1,0.5,1,1,1,1,2,0.5,1,1,1,1,1,1,0.5,1
376,312,Minun,3,Normal,1,Electric,,1,1,1,0.5,1,1,1,1,2,0.5,1,1,1,1,1,1,0.5,1
377,313,Volbeat,3,Normal,1,Bug,,1,2,1,1,0.5,1,0.5,1,0.5,2,1,1,2,1,1,1,1,1
378,314,Illumise,3,Normal,1,Bug,,1,2,1,1,0.5,1,0.5,1,0.5,2,1,1,2,1,1,1,1,1
379,315,Roselia,3,Normal,2,Grass,Poison,1,2,0.5,0.5,0.25,2,0.5,1,1,2,2,1,1,1,1,1,1,0.5
380,316,Gulpin,3,Normal,1,Poison,,1,1,1,1,0.5,1,0.5,0.5,2,1,2,0.5,1,1,1,1,1,0.5
381,317,Swalot,3,Normal,1,Poison,,1,1,1,1,0.5,1,0.5,0.5,2,1,2,0.5,1,1,1,1,1,0.5
382,318,Carvanha,3,Normal,2,Water,Dark,1,0.5,0.5,2,2,0.5,2,1,1,1,0,2,1,0.5,1,0.5,0.5,2
383,319,Sharpedo,3,Normal,2,Water,Dark,1,0.5,0.5,2,2,0.5,2,1,1,1,0,2,1,0.5,1,0.5,0.5,2
384,319,Mega Sharpedo,3,Normal,2,Water,Dark,1,0.5,0.5,2,2,0.5,2,1,1,1,0,2,1,0.5,1,0.5,0.5,2
385,320,Wailmer,3,Normal,1,Water,,1,0.5,0.5,2,2,0.5,1,1,1,1,1,1,1,1,1,1,0.5,1
386,321,Wailord,3,Normal,1,Water,,1,0.5,0.5,2,2,0.5,1,1,1,1,1,1,1,1,1,1,0.5,1
387,322,Numel,3,Normal,2,Fire,Ground,1,0.5,4,0,1,1,1,0.5,2,1,1,0.5,1,1,1,1,0.5,0.5
388,323,Camerupt,3,Normal,2,Fire,Ground,1,0.5,4,0,1,1,1,0.5,2,1,1,0.5,1,1,1,1,0.5,0.5
389,323,Mega Camerupt,3,Normal,2,Fire,Ground,1,0.5,3,0,1,1,1,0.5,1.5,1,1,0.5,1,1,1,1,0.5,0.5
390,324,Torkoal,3,Normal,1,Fire,,1,0.5,2,1,0.5,0.5,1,1,2,1,1,0.5,2,1,1,1,0.5,0.5
391,325,Spoink,3,Normal,1,Psychic,,1,0.5,1,1,1,0.5,0.5,1,1,1,0.5,2,1,2,1,2,1,1
392,326,Grumpig,3,Normal,1,Psychic,,1,0.5,1,1,1,0.5,0.5,1,1,1,0.5,2,1,2,1,2,1,1
393,327,Spinda,3,Normal,1,Normal,,1,1,1,1,1,1,2,1,1,1,1,1,1,0,1,1,1,1
394,328,Trapinch,3,Normal,1,Ground,,1,1,2,0,2,2,1,0.5,1,1,1,1,0.5,1,1,1,1,1
395,329,Vibrava,3,Normal,2,Ground,Dragon,1,0.5,1,0,1,4,1,0.5,0,1,1,1,0.5,1,2,1,1,2
396,330,Flygon,3,Normal,2,Ground,Dragon,1,0.5,1,0,1,4,1,0.5,0,1,1,1,0.5,1,2,1,1,2
397,331,Cacnea,3,Normal,1,Grass,,1,2,0.5,0.5,0.5,2,1,2,0.5,2,1,2,1,1,1,1,1,1
398,332,Cacturne,3,Normal,2,Grass,Dark,1,2,0.5,0.5,0.5,2,2,2,0.5,2,0,4,1,0.5,1,0.5,1,2
399,333,Swablu,3,Normal,2,Normal,Flying,1,1,1,2,0.5,2,1,1,0,1,1,0.5,2,0,1,1,1,1
400,334,Altaria,3,Normal,2,Dragon,Flying,1,0.5,0.5,1,0.25,4,0.5,1,0,1,1,0.5,2,1,2,1,1,2
401,334,Mega Altaria,3,Normal,2,Dragon,Fairy,1,0.5,0.5,0.5,0.5,2,0.5,2,1,1,1,0.5,1,1,0,0.5,2,2
402,335,Zangoose,3,Normal,1,Normal,,1,1,1,1,1,1,2,1,1,1,1,1,1,0,1,1,1,1
403,336,Seviper,3,Normal,1,Poison,,1,1,1,1,0.5,1,0.5,0.5,2,1,2,0.5,1,1,1,1,1,0.5
404,337,Lunatone,3,Normal,2,Rock,Psychic,0.5,0.5,2,1,2,1,1,0.5,0,0.5,0.5,2,1,2,1,2,2,1
405,338,Solrock,3,Normal,2,Rock,Psychic,0.5,0.5,2,1,2,1,1,0.5,0,0.5,0.5,2,1,2,1,2,2,1
406,339,Barboach,3,Normal,2,Water,Ground,1,0.5,1,0,4,1,1,0.5,1,1,1,1,0.5,1,1,1,0.5,1
407,340,Whiscash,3,Normal,2,Water,Ground,1,0.5,1,0,4,1,1,0.5,1,1,1,1,0.5,1,1,1,0.5,1
408,341,Corphish,3,Normal,1,Water,,1,0.5,0.5,2,2,0.5,1,1,1,1,1,1,1,1,1,1,0.5,1
409,342,Crawdaunt,3,Normal,2,Water,Dark,1,0.5,0.5,2,2,0.5,2,1,1,1,0,2,1,0.5,1,0.5,0.5,2
410,343,Baltoy,3,Normal,2,Ground,Psychic,1,1,2,0,2,2,0.5,0.5,0,1,0.5,2,0.5,2,1,2,1,1
411,344,Claydol,3,Normal,2,Ground,Psychic,1,1,2,0,2,2,0.5,0.5,0,1,0.5,2,0.5,2,1,2,1,1
412,345,Lileep,3,Normal,2,Rock,Grass,0.5,1,1,0.5,1,2,2,1,1,1,1,2,1,1,1,1,2,1
413,346,Cradily,3,Normal,2,Rock,Grass,0.5,1,1,0.5,1,2,2,1,1,1,1,2,1,1,1,1,2,1
414,347,Anorith,3,Normal,2,Rock,Bug,0.5,1,2,1,1,1,1,0.5,1,1,1,1,2,1,1,1,2,1
415,348,Armaldo,3,Normal,2,Rock,Bug,0.5,1,2,1,1,1,1,0.5,1,1,1,1,2,1,1,1,2,1
416,349,Feebas,3,Normal,1,Water,,1,0.5,0.5,2,2,0.5,1,1,1,1,1,1,1,1,1,1,0.5,1
417,350,Milotic,3,Normal,1,Water,,1,0.5,0.5,2,2,0.5,1,1,1,1,1,1,1,1,1,1,0.5,1
418,351,Castform,3,Normal,1,Normal,,1,1,1,1,1,1,2,1,1,1,1,1,1,0,1,1,1,1
419,351,Castform Sunny Form,3,Normal,1,Fire,,1,0.5,2,1,0.5,0.5,1,1,2,1,1,0.5,2,1,1,1,0.5,0.5
420,351,Castform Rainy Form,3,Normal,1,Water,,1,0.5,0.5,2,2,0.5,1,1,1,1,1,1,1,1,1,1,0.5,1
421,351,Castform Snowy Form,3,Normal,1,Ice,,1,2,1,1,1,0.5,2,1,1,1,1,1,2,1,1,1,2,1
422,352,Kecleon,3,Normal,1,Normal,,1,1,1,1,1,1,2,1,1,1,1,1,1,0,1,1,1,1
423,353,Shuppet,3,Normal,1,Ghost,,0,1,1,1,1,1,0,0.5,1,1,1,0.5,1,2,1,2,1,1
424,354,Banette,3,Normal,1,Ghost,,0,1,1,1,1,1,0,0.5,1,1,1,0.5,1,2,1,2,1,1
425,354,Mega Banette,3,Normal,1,Ghost,,0,1,1,1,1,1,0,0.5,1,1,1,0.5,1,2,1,2,1,1
426,355,Duskull,3,Normal,1,Ghost,,0,1,1,1,1,1,0,0.5,0,1,1,0.5,1,2,1,2,1,1
427,356,Dusclops,3,Normal,1,Ghost,,0,1,1,1,1,1,0,0.5,1,1,1,0.5,1,2,1,2,1,1
428,357,Tropius,3,Normal,2,Grass,Flying,1,2,0.5,1,0.25,4,0.5,2,0,2,1,1,2,1,1,1,1,1
429,358,Chimecho,3,Normal,1,Psychic,,1,1,1,1,1,1,0.5,1,0,1,0.5,2,1,2,1,2,1,1
430,359,Absol,3,Normal,1,Dark,,1,1,1,1,1,1,2,1,1,1,0,2,1,0.5,1,0.5,1,2
431,359,Mega Absol,3,Normal,1,Dark,,1,1,1,1,1,1,2,1,1,1,0,2,1,0.5,1,0.5,1,2
432,360,Wynaut,3,Normal,1,Psychic,,1,1,1,1,1,1,0.5,1,1,1,0.5,2,1,2,1,2,1,1
433,361,Snorunt,3,Normal,1,Ice,,1,2,1,1,1,0.5,2,1,1,1,1,1,2,1,1,1,2,1
434,362,Glalie,3,Normal,1,Ice,,1,2,1,1,1,0.5,2,1,1,1,1,1,2,1,1,1,2,1
435,362,Mega Glalie,3,Normal,1,Ice,,1,2,1,1,1,0.5,2,1,1,1,1,1,2,1,1,1,2,1
436,363,Spheal,3,Normal,2,Ice,Water,1,0.5,0.5,2,2,125,2,1,1,1,1,1,2,1,1,1,1,1
437,364,Sealeo,3,Normal,2,Ice,Water,1,0.5,0.5,2,2,125,2,1,1,1,1,1,2,1,1,1,1,1
438,365,Walrein,3,Normal,2,Ice,Water,1,0.5,0.5,2,2,125,2,1,1,1,1,1,2,1,1,1,1,1
439,366,Clamperl,3,Normal,1,Water,,1,0.5,0.5,2,2,0.5,1,1,1,1,1,1,1,1,1,1,0.5,1
440,367,Huntail,3,Normal,1,Water,,1,0.5,0.5,2,2,0.5,1,1,1,1,1,1,1,1,1,1,0.5,1
441,368,Gorebyss,3,Normal,1,Water,,1,0.5,0.5,2,2,0.5,1,1,1,1,1,1,1,1,1,1,0.5,1
442,369,Relicanth,3,Normal,2,Water,Rock,0.5,0.25,1,2,4,0.5,2,0.5,2,0.5,1,1,1,1,1,1,1,1
443,370,Luvdisc,3,Normal,1,Water,,1,0.5,0.5,2,2,0.5,1,1,1,1,1,1,1,1,1,1,0.5,1
444,371,Bagon,3,Normal,1,Dragon,,1,0.5,0.5,0.5,0.5,2,1,1,1,1,1,1,1,1,2,1,1,2
445,372,Shelgon,3,Normal,1,Dragon,,1,0.5,0.5,0.5,0.5,2,1,1,1,1,1,1,1,1,2,1,1,2
446,373,Salamence,3,Normal,2,Dragon,Flying,1,0.5,0.5,1,0.25,4,0.5,1,0,1,1,0.5,2,1,2,1,1,2
447,373,Mega Salamence,3,Normal,2,Dragon,Flying,1,0.5,0.5,1,0.25,4,0.5,1,0,1,1,0.5,2,1,2,1,1,2
448,374,Beldum,3,Normal,2,Steel,Psychic,0.5,2,1,1,0.5,0.5,1,0,2,0.5,0.25,1,0.5,2,0.5,2,0.5,0.5
449,375,Metang,3,Normal,2,Steel,Psychic,0.5,2,1,1,0.5,0.5,1,0,2,0.5,0.25,1,0.5,2,0.5,2,0.5,0.5
450,376,Metagross,3,Normal,2,Steel,Psychic,0.5,2,1,1,0.5,0.5,1,0,2,0.5,0.25,1,0.5,2,0.5,2,0.5,0.5
451,376,Mega Metagross,3,Normal,2,Steel,Psychic,0.5,2,1,1,0.5,0.5,1,0,2,0.5,0.25,1,0.5,2,0.5,2,0.5,0.5
452,377,Regirock,3,Sub Legendary,1,Rock,,0.5,0.5,2,1,2,1,2,0.5,2,0.5,1,1,1,1,1,1,2,1
453,378,Regice,3,Sub Legendary,1,Ice,,1,2,1,1,1,0.5,2,1,1,1,1,1,2,1,1,1,2,1
454,379,Registeel,3,Sub Legendary,1,Steel,,0.5,2,1,1,0.5,0.5,2,0,2,0.5,0.5,0.5,0.5,1,0.5,1,0.5,0.5
455,380,Latias,3,Sub Legendary,2,Dragon,Psychic,1,0.5,0.5,0.5,0.5,2,0.5,1,0,1,0.5,2,1,2,2,2,1,2
456,380,Mega Latias,3,Sub Legendary,2,Dragon,Psychic,1,0.5,0.5,0.5,0.5,2,0.5,1,0,1,0.5,2,1,2,2,2,1,2
457,381,Latios,3,Sub Legendary,2,Dragon,Psychic,1,0.5,0.5,0.5,0.5,2,0.5,1,0,1,0.5,2,1,2,2,2,1,2
458,381,Mega Latios,3,Sub Legendary,2,Dragon,Psychic,1,0.5,0.5,0.5,0.5,2,0.5,1,0,1,0.5,2,1,2,2,2,1,2
459,382,Kyogre,3,Legendary,1,Water,,1,0.5,0.5,2,2,0.5,1,1,1,1,1,1,1,1,1,1,0.5,1
460,382,Primal Kyogre,3,Legendary,1,Water,,1,0,0.5,2,2,0.5,1,1,1,1,1,1,1,1,1,1,0.5,1
461,383,Groudon,3,Legendary,1,Ground,,1,1,2,0,2,2,1,0.5,1,1,1,1,0.5,1,1,1,1,1
462,383,Primal Groudon,3,Legendary,2,Ground,Fire,1,0.5,0,0,1,1,1,0.5,2,1,1,0.5,1,1,1,1,0.5,0.5
463,384,Rayquaza,3,Legendary,2,Dragon,Flying,1,0.5,0.5,1,0.25,4,0.5,1,0,1,1,0.5,2,1,2,1,1,2
464,384,Mega Rayquaza,3,Legendary,2,Dragon,Flying,1,0.5,0.5,0.5,0.25,2,0.5,1,0,1,1,0.5,1,1,2,1,1,2
465,385,Jirachi,3,Mythical,2,Steel,Psychic,0.5,2,1,1,0.5,0.5,1,0,2,0.5,0.25,1,0.5,2,0.5,2,0.5,0.5
466,386,Deoxys Normal Forme,3,Mythical,1,Psychic,,1,1,1,1,1,1,0.5,1,1,1,0.5,2,1,2,1,2,1,1
467,386,Deoxys Attack Forme,3,Mythical,1,Psychic,,1,1,1,1,1,1,0.5,1,1,1,0.5,2,1,2,1,2,1,1
468,386,Deoxys Defense Forme,3,Mythical,1,Psychic,,1,1,1,1,1,1,0.5,1,1,1,0.5,2,1,2,1,2,1,1
469,386,Deoxys Speed Forme,3,Mythical,1,Psychic,,1,1,1,1,1,1,0.5,1,1,1,0.5,2,1,2,1,2,1,1
470,387,Turtwig,4,Normal,1,Grass,,1,2,0.5,0.5,0.5,2,1,2,0.5,2,1,2,1,1,1,1,1,1
471,388,Grotle,4,Normal,1,Grass,,1,2,0.5,0.5,0.5,2,1,2,0.5,2,1,2,1,1,1,1,1,1
472,389,Torterra,4,Normal,2,Grass,Ground,1,2,1,0,1,4,1,1,0.5,2,1,2,0.5,1,1,1,1,1
473,390,Chimchar,4,Normal,1,Fire,,1,0.5,2,1,0.5,0.5,1,1,2,1,1,0.5,2,1,1,1,0.5,0.5
474,391,Monferno,4,Normal,2,Fire,Fighting,1,0.5,2,1,0.5,0.5,1,1,2,2,2,0.25,1,1,1,0.5,0.5,1
475,392,Infernape,4,Normal,2,Fire,Fighting,1,0.5,2,1,0.5,0.5,1,1,2,2,2,0.25,1,1,1,0.5,0.5,1
476,393,Piplup,4,Normal,1,Water,,1,0.5,0.5,2,2,0.5,1,1,1,1,1,1,1,1,1,1,0.5,1
477,394,Prinplup,4,Normal,1,Water,,1,0.5,0.5,2,2,0.5,1,1,1,1,1,1,1,1,1,1,0.5,1
478,395,Empoleon,4,Normal,2,Water,Steel,0.5,1,0.5,2,1,0.25,2,0,2,0.5,0.5,0.5,0.5,1,0.5,1,0.25,0.5
479,396,Starly,4,Normal,2,Normal,Flying,1,1,1,2,0.5,2,1,1,0,1,1,0.5,2,0,1,1,1,1
480,397,Staravia,4,Normal,2,Normal,Flying,1,1,1,2,0.5,2,1,1,0,1,1,0.5,2,0,1,1,1,1
481,398,Staraptor,4,Normal,2,Normal,Flying,1,1,1,2,0.5,2,1,1,0,1,1,0.5,2,0,1,1,1,1
482,399,Bidoof,4,Normal,1,Normal,,1,1,1,1,1,1,2,1,1,1,1,1,1,0,1,1,1,1
483,400,Bibarel,4,Normal,2,Normal,Water,1,0.5,0.5,2,2,0.5,2,1,1,1,1,1,1,0,1,1,0.5,1
484,401,Kricketot,4,Normal,1,Bug,,1,2,1,1,0.5,1,0.5,1,0.5,2,1,1,2,1,1,1,1,1
485,402,Kricketune,4,Normal,1,Bug,,1,2,1,1,0.5,1,0.5,1,0.5,2,1,1,2,1,1,1,1,1
486,403,Shinx,4,Normal,1,Electric,,1,1,1,0.5,1,1,1,1,2,0.5,1,1,1,1,1,1,0.5,1
487,404,Luxio,4,Normal,1,Electric,,1,1,1,0.5,1,1,1,1,2,0.5,1,1,1,1,1,1,0.5,1
488,405,Luxray,4,Normal,1,Electric,,1,1,1,0.5,1,1,1,1,2,0.5,1,1,1,1,1,1,0.5,1
489,406,Budew,4,Normal,2,Grass,Poison,1,2,0.5,0.5,0.25,2,0.5,1,1,2,2,1,1,1,1,1,1,0.5
490,407,Roserade,4,Normal,2,Grass,Poison,1,2,0.5,0.5,0.25,2,0.5,1,1,2,2,1,1,1,1,1,1,0.5
491,408,Cranidos,4,Normal,1,Rock,,0.5,0.5,2,1,2,1,2,0.5,2,0.5,1,1,1,1,1,1,2,1
492,409,Rampardos,4,Normal,1,Rock,,0.5,0.5,2,1,2,1,2,0.5,2,0.5,1,1,1,1,1,1,2,1
493,410,Shieldon,4,Normal,2,Rock,Steel,0.25,1,2,1,1,0.5,4,0,4,0.25,0.5,0.5,0.5,1,0.5,1,1,0.5
494,411,Bastiodon,4,Normal,2,Rock,Steel,0.25,1,2,1,1,0.5,4,0,4,0.25,0.5,0.5,0.5,1,0.5,1,1,0.5
495,412,Burmy,4,Normal,1,Bug,,1,2,1,1,0.5,1,0.5,1,0.5,2,1,1,2,1,1,1,1,1
496,413,Wormadam Plant Cloak,4,Normal,2,Bug,Grass,1,4,0.5,0.5,0.25,2,0.5,2,0.25,4,1,2,2,1,1,1,1,1
497,413,Wormadam Sandy Cloak,4,Normal,2,Bug,Ground,1,2,2,0,1,2,0.5,0.5,0.5,2,1,1,1,1,1,1,1,1
498,413,Wormadam Trash Cloak,4,Normal,2,Bug,Steel,0.5,4,1,1,0.25,0.5,1,0,1,1,0.5,0.5,1,1,0.5,1,0.5,0.5
499,414,Mothim,4,Normal,2,Bug,Flying,1,2,1,2,0.25,2,0.25,1,0,2,1,0.5,4,1,1,1,1,1
500,415,Combee,4,Normal,2,Bug,Flying,1,2,1,2,0.25,2,0.25,1,0,2,1,0.5,4,1,1,1,1,1
501,416,Vespiquen,4,Normal,2,Bug,Flying,1,2,1,2,0.25,2,0.25,1,0,2,1,0.5,4,1,1,1,1,1
502,417,Pachirisu,4,Normal,1,Electric,,1,1,1,0.5,1,1,1,1,2,0.5,1,1,1,1,1,1,0.5,1
503,418,Buizel,4,Normal,1,Water,,1,0.5,0.5,2,2,0.5,1,1,1,1,1,1,1,1,1,1,0.5,1
504,419,Floatzel,4,Normal,1,Water,,1,0.5,0.5,2,2,0.5,1,1,1,1,1,1,1,1,1,1,0.5,1
505,420,Cherubi,4,Normal,1,Grass,,1,2,0.5,0.5,0.5,2,1,2,0.5,2,1,2,1,1,1,1,1,1
506,421,Cherrim,4,Normal,1,Grass,,1,2,0.5,0.5,0.5,2,1,2,0.5,2,1,2,1,1,1,1,1,1
507,422,Shellos,4,Normal,1,Water,,1,0.5,0.5,2,2,0.5,1,1,1,1,1,1,1,1,1,1,0.5,1
508,423,Gastrodon,4,Normal,2,Water,Ground,1,0.5,1,0,4,1,1,0.5,1,1,1,1,0.5,1,1,1,0.5,1
509,424,Ambipom,4,Normal,1,Normal,,1,1,1,1,1,1,2,1,1,1,1,1,1,0,1,1,1,1
510,425,Drifloon,4,Normal,2,Ghost,Flying,0,1,1,2,0.5,2,0,0.5,0,1,1,0.25,2,2,1,2,1,1
511,426,Drifblim,4,Normal,2,Ghost,Flying,0,1,1,2,0.5,2,0,0.5,0,1,1,0.25,2,2,1,2,1,1
512,427,Buneary,4,Normal,1,Normal,,1,1,1,1,1,1,2,1,1,1,1,1,1,0,1,1,1,1
513,428,Lopunny,4,Normal,1,Normal,,1,1,1,1,1,1,2,1,1,1,1,1,1,0,1,1,1,1
514,428,Mega Lopunny,4,Normal,2,Normal,Fighting,1,1,1,1,1,1,2,1,1,2,2,0.5,0.5,0,1,0.5,1,2
515,429,Mismagius,4,Normal,1,Ghost,,0,1,1,1,1,1,0,0.5,0,1,1,0.5,1,2,1,2,1,1
516,430,Honchkrow,4,Normal,2,Dark,Flying,1,1,1,2,0.5,2,1,1,0,1,0,1,2,0.5,1,0.5,1,2
517,431,Glameow,4,Normal,1,Normal,,1,1,1,1,1,1,2,1,1,1,1,1,1,0,1,1,1,1
518,432,Purugly,4,Normal,1,Normal,,1,0.5,1,1,1,0.5,2,1,1,1,1,1,1,0,1,1,1,1
519,433,Chingling,4,Normal,1,Psychic,,1,1,1,1,1,1,0.5,1,0,1,0.5,2,1,2,1,2,1,1
520,434,Stunky,4,Normal,2,Poison,Dark,1,1,1,1,0.5,1,1,0.5,2,1,0,1,1,0.5,1,0.5,1,1
521,435,Skuntank,4,Normal,2,Poison,Dark,1,1,1,1,0.5,1,1,0.5,2,1,0,1,1,0.5,1,0.5,1,1
522,436,Bronzor,4,Normal,2,Steel,Psychic,0.5,2,1,1,0.5,0.5,1,0,0,0.5,0.25,1,0.5,2,0.5,2,0.5,0.5
523,437,Bronzong,4,Normal,2,Steel,Psychic,0.5,2,1,1,0.5,0.5,1,0,0,0.5,0.25,1,0.5,2,0.5,2,0.5,0.5
524,438,Bonsly,4,Normal,1,Rock,,0.5,0.5,2,1,2,1,2,0.5,2,0.5,1,1,1,1,1,1,2,1
525,439,Mime Jr.,4,Normal,2,Psychic,Fairy,1,1,1,1,1,1,0.25,2,1,1,0.5,1,1,2,0,1,2,1
526,440,Happiny,4,Normal,1,Normal,,1,1,1,1,1,1,2,1,1,1,1,1,1,0,1,1,1,1
527,441,Chatot,4,Normal,2,Normal,Flying,1,1,1,2,0.5,2,1,1,0,1,1,0.5,2,0,1,1,1,1
528,442,Spiritomb,4,Normal,2,Ghost,Dark,0,1,1,1,1,1,0,0.5,1,1,0,1,1,1,1,1,1,2
529,443,Gible,4,Normal,2,Dragon,Ground,1,0.5,1,0,1,4,1,0.5,1,1,1,1,0.5,1,2,1,1,2
530,444,Gabite,4,Normal,2,Dragon,Ground,1,0.5,1,0,1,4,1,0.5,1,1,1,1,0.5,1,2,1,1,2
531,445,Garchomp,4,Normal,2,Dragon,Ground,1,0.5,1,0,1,4,1,0.5,1,1,1,1,0.5,1,2,1,1,2
532,445,Mega Garchomp,4,Normal,2,Dragon,Ground,1,0.5,1,0,1,4,1,0.5,1,1,1,1,0.5,1,2,1,1,2
533,446,Munchlax,4,Normal,1,Normal,,1,1,1,1,1,1,2,1,1,1,1,1,1,0,1,1,1,1
534,447,Riolu,4,Normal,1,Fighting,,1,1,1,1,1,1,1,1,1,2,2,0.5,0.5,1,1,0.5,1,2
535,448,Lucario,4,Normal,2,Fighting,Steel,0.5,2,1,1,0.5,0.5,2,0,2,1,1,0.25,0.25,1,0.5,0.5,0.5,1
536,448,Mega Lucario,4,Normal,2,Fighting,Steel,0.5,2,1,1,0.5,0.5,2,0,2,1,1,0.25,0.25,1,0.5,0.5,0.5,1
537,449,Hippopotas,4,Normal,1,Ground,,1,1,2,0,2,2,1,0.5,1,1,1,1,0.5,1,1,1,1,1
538,450,Hippowdon,4,Normal,1,Ground,,1,1,2,0,2,2,1,0.5,1,1,1,1,0.5,1,1,1,1,1
539,451,Skorupi,4,Normal,2,Poison,Bug,1,2,1,1,0.25,1,0.25,0.5,1,2,2,0.5,2,1,1,1,1,0.5
540,452,Drapion,4,Normal,2,Poison,Dark,1,1,1,1,0.5,1,1,0.5,2,1,0,1,1,0.5,1,0.5,1,1
541,453,Croagunk,4,Normal,2,Poison,Fighting,1,1,1,1,0.5,1,0.5,0.5,2,2,4,0.25,0.5,1,1,0.5,1,1
542,454,Toxicroak,4,Normal,2,Poison,Fighting,1,1,1,1,0.5,1,0.5,0.5,2,2,4,0.25,0.5,1,1,0.5,1,1
543,455,Carnivine,4,Normal,1,Grass,,1,2,0.5,0.5,0.5,2,1,2,0,2,1,2,1,1,1,1,1,1
544,456,Finneon,4,Normal,1,Water,,1,0.5,0.5,2,2,0.5,1,1,1,1,1,1,1,1,1,1,0.5,1
545,457,Lumineon,4,Normal,1,Water,,1,0.5,0.5,2,2,0.5,1,1,1,1,1,1,1,1,1,1,0.5,1
546,458,Mantyke,4,Normal,2,Water,Flying,1,0.5,0.5,4,1,1,0.5,1,0,1,1,0.5,2,1,1,1,0.5,1
547,459,Snover,4,Normal,2,Grass,Ice,1,4,0.5,0.5,0.5,1,2,2,0.5,2,1,2,2,1,1,1,2,1
548,460,Abomasnow,4,Normal,2,Grass,Ice,1,4,0.5,0.5,0.5,1,2,2,0.5,2,1,2,2,1,1,1,2,1
549,460,Mega Abomasnow,4,Normal,2,Grass,Ice,1,4,0.5,0.5,0.5,1,2,2,0.5,2,1,2,2,1,1,1,2,1
550,461,Weavile,4,Normal,2,Dark,Ice,1,2,1,1,1,0.5,4,1,1,1,0,2,2,0.5,1,0.5,2,2
551,462,Magnezone,4,Normal,2,Electric,Steel,0.5,2,1,0.5,0.5,0.5,2,0,4,0.25,0.5,0.5,0.5,1,0.5,1,0.25,0.5
552,463,Lickilicky,4,Normal,1,Normal,,1,1,1,1,1,1,2,1,1,1,1,1,1,0,1,1,1,1
553,464,Rhyperior,4,Normal,2,Ground,Rock,0.5,0.5,4,0,4,2,2,0.25,2,0.5,1,1,0.5,1,1,1,2,1
554,465,Tangrowth,4,Normal,1,Grass,,1,2,0.5,0.5,0.5,2,1,2,0.5,2,1,2,1,1,1,1,1,1
555,466,Electivire,4,Normal,1,Electric,,1,1,1,0,1,1,1,1,2,0.5,1,1,1,1,1,1,0.5,1
556,467,Magmortar,4,Normal,1,Fire,,1,0.5,2,1,0.5,0.5,1,1,2,1,1,0.5,2,1,1,1,0.5,0.5
557,468,Togekiss,4,Normal,2,Fairy,Flying,1,1,1,2,0.5,2,0.25,2,0,1,1,0.25,2,1,0,0.5,2,1
558,469,Yanmega,4,Normal,2,Bug,Flying,1,2,1,2,0.25,2,0.25,1,0,2,1,0.5,4,1,1,1,1,1
559,470,Leafeon,4,Normal,1,Grass,,1,2,0.5,0.5,0.5,2,1,2,0.5,2,1,2,1,1,1,1,1,1
560,471,Glaceon,4,Normal,1,Ice,,1,2,1,1,1,0.5,2,1,1,1,1,1,2,1,1,1,2,1
561,472,Gliscor,4,Normal,2,Ground,Flying,1,1,2,0,1,4,0.5,0.5,0,1,1,0.5,1,1,1,1,1,1
562,473,Mamoswine,4,Normal,2,Ice,Ground,1,2,2,0,2,1,2,0.5,1,1,1,1,1,1,1,1,2,1
563,474,Porygon-Z,4,Normal,1,Normal,,1,1,1,1,1,1,2,1,1,1,1,1,1,0,1,1,1,1
564,475,Gallade,4,Normal,2,Psychic,Fighting,1,1,1,1,1,1,0.5,1,1,2,1,1,0.5,2,1,1,1,2
565,475,Mega Gallade,4,Normal,2,Psychic,Fighting,1,1,1,1,1,1,0.5,1,1,2,1,1,0.5,2,1,1,1,2
566,476,Probopass,4,Normal,2,Rock,Steel,0.25,1,2,1,1,0.5,4,0,4,0.25,0.5,0.5,0.5,1,0.5,1,1,0.5
567,477,Dusknoir,4,Normal,1,Ghost,,0,1,1,1,1,1,0,0.5,1,1,1,0.5,1,2,1,2,1,1
568,478,Froslass,4,Normal,2,Ice,Ghost,0,2,1,1,1,0.5,0,0.5,1,1,1,0.5,2,2,1,2,2,1
569,479,Rotom,4,Normal,2,Electric,Ghost,0,1,1,0.5,1,1,0,0.5,0,0.5,1,0.5,1,2,1,2,0.5,1
570,479,Heat Rotom,4,Normal,2,Electric,Fire,1,0.5,2,0.5,0.5,0.5,1,1,0,0.5,1,0.5,2,1,1,1,0.25,0.5
571,479,Wash Rotom,4,Normal,2,Electric,Water,1,0.5,0.5,1,2,0.5,1,1,0,0.5,1,1,1,1,1,1,0.25,1
572,479,Frost Rotom,4,Normal,2,Electric,Ice,1,2,1,0.5,1,0.5,2,1,0,0.5,1,1,2,1,1,1,1,1
573,479,Fan Rotom,4,Normal,2,Electric,Flying,1,1,1,1,0.5,2,0.5,1,0,0.5,1,0.5,2,1,1,1,0.5,1
574,479,Mow Rotom,4,Normal,2,Electric,Grass,1,2,0.5,0.25,0.5,2,1,2,0,1,1,2,1,1,1,1,0.5,1
575,480,Uxie,4,Sub Legendary,1,Psychic,,1,1,1,1,1,1,0.5,1,0,1,0.5,2,1,2,1,2,1,1
576,481,Mesprit,4,Sub Legendary,1,Psychic,,1,1,1,1,1,1,0.5,1,0,1,0.5,2,1,2,1,2,1,1
577,482,Azelf,4,Sub Legendary,1,Psychic,,1,1,1,1,1,1,0.5,1,0,1,0.5,2,1,2,1,2,1,1
578,483,Dialga,4,Legendary,2,Steel,Dragon,0.5,1,0.5,0.5,0.25,1,2,0,2,0.5,0.5,0.5,0.5,1,1,1,0.5,1
579,484,Palkia,4,Legendary,2,Water,Dragon,1,0.25,0.25,1,1,1,1,1,1,1,1,1,1,1,2,1,0.5,2
580,485,Heatran,4,Sub Legendary,2,Fire,Steel,0.5,0,2,1,0.25,0.25,2,0,4,0.5,0.5,0.25,1,1,0.5,1,0.25,0.25
581,486,Regigigas,4,Sub Legendary,1,Normal,,1,1,1,1,1,1,2,1,1,1,1,1,1,0,1,1,1,1
582,487,Giratina Altered Forme,4,Legendary,2,Ghost,Dragon,0,0.5,0.5,0.5,0.5,2,0,0.5,1,1,1,0.5,1,2,2,2,1,2
583,487,Giratina Origin Forme,4,Legendary,2,Ghost,Dragon,0,0.5,0.5,0.5,0.5,2,0,0.5,0,1,1,0.5,1,2,2,2,1,2
584,488,Cresselia,4,Sub Legendary,1,Psychic,,1,1,1,1,1,1,0.5,1,0,1,0.5,2,1,2,1,2,1,1
585,489,Phione,4,Mythical,1,Water,,1,0.5,0.5,2,2,0.5,1,1,1,1,1,1,1,1,1,1,0.5,1
586,490,Manaphy,4,Mythical,1,Water,,1,0.5,0.5,2,2,0.5,1,1,1,1,1,1,1,1,1,1,0.5,1
587,491,Darkrai,4,Mythical,1,Dark,,1,1,1,1,1,1,2,1,1,1,0,2,1,0.5,1,0.5,1,2
588,492,Shaymin Land Forme,4,Mythical,1,Grass,,1,2,0.5,0.5,0.5,2,1,2,0.5,2,1,2,1,1,1,1,1,1
589,492,Shaymin Sky Forme,4,Mythical,2,Grass,Flying,1,2,0.5,1,0.25,4,0.5,2,0,2,1,1,2,1,1,1,1,1
590,493,Arceus,4,Mythical,1,Normal,,1,1,1,1,1,1,2,1,1,1,1,1,1,0,1,1,1,1
591,494,Victini,5,Mythical,2,Psychic,Fire,1,0.5,2,1,0.5,0.5,0.5,1,2,1,0.5,1,2,2,1,2,0.5,0.5
592,495,Snivy,5,Normal,1,Grass,,1,2,0.5,0.5,0.5,2,1,2,0.5,2,1,2,1,1,1,1,1,1
593,496,Servine,5,Normal,1,Grass,,1,2,0.5,0.5,0.5,2,1,2,0.5,2,1,2,1,1,1,1,1,1
594,497,Serperior,5,Normal,1,Grass,,1,2,0.5,0.5,0.5,2,1,2,0.5,2,1,2,1,1,1,1,1,1
595,498,Tepig,5,Normal,1,Fire,,1,0.5,2,1,0.5,0.5,1,1,2,1,1,0.5,2,1,1,1,0.5,0.5
596,499,Pignite,5,Normal,2,Fire,Fighting,1,0.5,2,1,0.5,0.5,1,1,2,2,2,0.25,1,1,1,0.5,0.5,1
597,500,Emboar,5,Normal,2,Fire,Fighting,1,0.5,2,1,0.5,0.5,1,1,2,2,2,0.25,1,1,1,0.5,0.5,1
598,501,Oshawott,5,Normal,1,Water,,1,0.5,0.5,2,2,0.5,1,1,1,1,1,1,1,1,1,1,0.5,1
599,502,Dewott,5,Normal,1,Water,,1,0.5,0.5,2,2,0.5,1,1,1,1,1,1,1,1,1,1,0.5,1
600,503,Samurott,5,Normal,1,Water,,1,0.5,0.5,2,2,0.5,1,1,1,1,1,1,1,1,1,1,0.5,1
601,504,Patrat,5,Normal,1,Normal,,1,1,1,1,1,1,2,1,1,1,1,1,1,0,1,1,1,1
602,505,Watchog,5,Normal,1,Normal,,1,1,1,1,1,1,2,1,1,1,1,1,1,0,1,1,1,1
603,506,Lillipup,5,Normal,1,Normal,,1,1,1,1,1,1,2,1,1,1,1,1,1,0,1,1,1,1
604,507,Herdier,5,Normal,1,Normal,,1,1,1,1,1,1,2,1,1,1,1,1,1,0,1,1,1,1
605,508,Stoutland,5,Normal,1,Normal,,1,1,1,1,1,1,2,1,1,1,1,1,1,0,1,1,1,1
606,509,Purrloin,5,Normal,1,Dark,,1,1,1,1,1,1,2,1,1,1,0,2,1,0.5,1,0.5,1,2
607,510,Liepard,5,Normal,1,Dark,,1,1,1,1,1,1,2,1,1,1,0,2,1,0.5,1,0.5,1,2
608,511,Pansage,5,Normal,1,Grass,,1,2,0.5,0.5,0.5,2,1,2,0.5,2,1,2,1,1,1,1,1,1
609,512,Simisage,5,Normal,1,Grass,,1,2,0.5,0.5,0.5,2,1,2,0.5,2,1,2,1,1,1,1,1,1
610,513,Pansear,5,Normal,1,Fire,,1,0.5,2,1,0.5,0.5,1,1,2,1,1,0.5,2,1,1,1,0.5,0.5
611,514,Simisear,5,Normal,1,Fire,,1,0.5,2,1,0.5,0.5,1,1,2,1,1,0.5,2,1,1,1,0.5,0.5
612,515,Panpour,5,Normal,1,Water,,1,0.5,0.5,2,2,0.5,1,1,1,1,1,1,1,1,1,1,0.5,1
613,516,Simipour,5,Normal,1,Water,,1,0.5,0.5,2,2,0.5,1,1,1,1,1,1,1,1,1,1,0.5,1
614,517,Munna,5,Normal,1,Psychic,,1,1,1,1,1,1,0.5,1,1,1,0.5,2,1,2,1,2,1,1
615,518,Musharna,5,Normal,1,Psychic,,1,1,1,1,1,1,0.5,1,1,1,0.5,2,1,2,1,2,1,1
616,519,Pidove,5,Normal,2,Normal,Flying,1,1,1,2,0.5,2,1,1,0,1,1,0.5,2,0,1,1,1,1
617,520,Tranquill,5,Normal,2,Normal,Flying,1,1,1,2,0.5,2,1,1,0,1,1,0.5,2,0,1,1,1,1
618,521,Unfezant,5,Normal,2,Normal,Flying,1,1,1,2,0.5,2,1,1,0,1,1,0.5,2,0,1,1,1,1
619,522,Blitzle,5,Normal,1,Electric,,1,1,1,0,1,1,1,1,2,0.5,1,1,1,1,1,1,0.5,1
620,523,Zebstrika,5,Normal,1,Electric,,1,1,1,0,1,1,1,1,2,0.5,1,1,1,1,1,1,0.5,1
621,524,Roggenrola,5,Normal,1,Rock,,0.5,0.5,2,1,2,1,2,0.5,2,0.5,1,1,1,1,1,1,2,1
622,525,Boldore,5,Normal,1,Rock,,0.5,0.5,2,1,2,1,2,0.5,2,0.5,1,1,1,1,1,1,2,1
623,526,Gigalith,5,Normal,1,Rock,,0.5,0.5,2,1,2,1,2,0.5,2,0.5,1,1,1,1,1,1,2,1
624,527,Woobat,5,Normal,2,Psychic,Flying,1,1,1,2,0.5,2,0.25,1,0,1,0.5,1,2,2,1,2,1,1
625,528,Swoobat,5,Normal,2,Psychic,Flying,1,1,1,2,0.5,2,0.25,1,0,1,0.5,1,2,2,1,2,1,1
626,529,Drilbur,5,Normal,1,Ground,,1,1,2,0,2,2,1,0.5,1,1,1,1,0.5,1,1,1,1,1
627,530,Excadrill,5,Normal,2,Ground,Steel,0.5,2,2,0,1,1,2,0,2,0.5,0.5,0.5,0.25,1,0.5,1,0.5,0.5
628,531,Audino,5,Normal,1,Normal,,1,1,1,1,1,1,2,1,1,1,1,1,1,0,1,1,1,1
629,531,Mega Audino,5,Normal,2,Normal,Fairy,1,1,1,1,1,1,1,2,1,1,1,0.5,1,0,0,0.5,2,1
630,532,Timburr,5,Normal,1,Fighting,,1,1,1,1,1,1,1,1,1,2,2,0.5,0.5,1,1,0.5,1,2
631,533,Gurdurr,5,Normal,1,Fighting,,1,1,1,1,1,1,1,1,1,2,2,0.5,0.5,1,1,0.5,1,2
632,534,Conkeldurr,5,Normal,1,Fighting,,1,1,1,1,1,1,1,1,1,2,2,0.5,0.5,1,1,0.5,1,2
633,535,Tympole,5,Normal,1,Water,,1,0.5,0.5,2,2,0.5,1,1,1,1,1,1,1,1,1,1,0.5,1
634,536,Palpitoad,5,Normal,2,Water,Ground,1,0.5,1,0,4,1,1,0.5,1,1,1,1,0.5,1,1,1,0.5,1
635,537,Seismitoad,5,Normal,2,Water,Ground,1,0.5,1,0,4,1,1,0.5,1,1,1,1,0.5,1,1,1,0.5,1
636,538,Throh,5,Normal,1,Fighting,,1,1,1,1,1,1,1,1,1,2,2,0.5,0.5,1,1,0.5,1,2
637,539,Sawk,5,Normal,1,Fighting,,1,1,1,1,1,1,1,1,1,2,2,0.5,0.5,1,1,0.5,1,2
638,540,Sewaddle,5,Normal,2,Bug,Grass,1,4,0.5,0.5,0.25,2,0.5,2,0.25,4,1,2,2,1,1,1,1,1
639,541,Swadloon,5,Normal,2,Bug,Grass,1,4,0.5,0.5,0.25,2,0.5,2,0.25,4,1,2,2,1,1,1,1,1
640,542,Leavanny,5,Normal,2,Bug,Grass,1,4,0.5,0.5,0.25,2,0.5,2,0.25,4,1,2,2,1,1,1,1,1
641,543,Venipede,5,Normal,2,Bug,Poison,1,2,1,1,0.25,1,0.25,0.5,1,2,2,0.5,2,1,1,1,1,0.5
642,544,Whirlipede,5,Normal,2,Bug,Poison,1,2,1,1,0.25,1,0.25,0.5,1,2,2,0.5,2,1,1,1,1,0.5
643,545,Scolipede,5,Normal,2,Bug,Poison,1,2,1,1,0.25,1,0.25,0.5,1,2,2,0.5,2,1,1,1,1,0.5
644,546,Cottonee,5,Normal,2,Grass,Fairy,1,2,0.5,0.5,0.5,2,0.5,4,0.5,2,1,1,1,1,0,0.5,2,1
645,547,Whimsicott,5,Normal,2,Grass,Fairy,1,2,0.5,0.5,0.5,2,0.5,4,0.5,2,1,1,1,1,0,0.5,2,1
646,548,Petilil,5,Normal,1,Grass,,1,2,0.5,0.5,0.5,2,1,2,0.5,2,1,2,1,1,1,1,1,1
647,549,Lilligant,5,Normal,1,Grass,,1,2,0.5,0.5,0.5,2,1,2,0.5,2,1,2,1,1,1,1,1,1
648,550,Basculin Red-Striped Form,5,Normal,1,Water,,1,0.5,0.5,2,2,0.5,1,1,1,1,1,1,1,1,1,1,0.5,1
649,550,Basculin Blue-Striped Form,5,Normal,1,Water,,1,0.5,0.5,2,2,0.5,1,1,1,1,1,1,1,1,1,1,0.5,1
650,551,Sandile,5,Normal,2,Ground,Dark,1,1,2,0,2,2,2,0.5,1,1,0,2,0.5,0.5,1,0.5,1,2
651,552,Krokorok,5,Normal,2,Ground,Dark,1,1,2,0,2,2,2,0.5,1,1,0,2,0.5,0.5,1,0.5,1,2
652,553,Krookodile,5,Normal,2,Ground,Dark,1,1,2,0,2,2,2,0.5,1,1,0,2,0.5,0.5,1,0.5,1,2
653,554,Darumaka,5,Normal,1,Fire,,1,0.5,2,1,0.5,0.5,1,1,2,1,1,0.5,2,1,1,1,0.5,0.5
654,554,Galarian Darumaka,5,Normal,1,Ice,,1,2,1,1,1,0.5,2,1,1,1,1,1,2,1,1,1,2,1
655,555,Darmanitan Standard Mode,5,Normal,1,Fire,,1,0.5,2,1,0.5,0.5,1,1,2,1,1,0.5,2,1,1,1,0.5,0.5
656,555,Darmanitan Zen Mode,5,Normal,2,Fire,Psychic,1,0.5,2,1,0.5,0.5,0.5,1,2,1,0.5,1,2,2,1,2,0.5,0.5
657,555,Galarian Darmanitan Standard Mode,5,Normal,1,Ice,,1,2,1,1,1,0.5,2,1,1,1,1,1,2,1,1,1,2,1
658,555,Galarian Darmanitan Zen Mode,5,Normal,2,Ice,Fire,1,1,2,1,0.5,0.25,2,1,2,1,1,0.5,4,1,1,1,1,0.5
659,556,Maractus,5,Normal,1,Grass,,1,2,0,0.5,0.5,2,1,2,0.5,2,1,2,1,1,1,1,1,1
660,557,Dwebble,5,Normal,2,Bug,Rock,0.5,1,2,1,1,1,1,0.5,1,1,1,1,2,1,1,1,2,1
661,558,Crustle,5,Normal,2,Bug,Rock,0.5,1,2,1,1,1,1,0.5,1,1,1,1,2,1,1,1,2,1
662,559,Scraggy,5,Normal,2,Dark,Fighting,1,1,1,1,1,1,2,1,1,2,0,1,0.5,0.5,1,0.25,1,4
663,560,Scrafty,5,Normal,2,Dark,Fighting,1,1,1,1,1,1,2,1,1,2,0,1,0.5,0.5,1,0.25,1,4
664,561,Sigilyph,5,Normal,2,Psychic,Flying,1,1,1,2,0.5,2,0.25,1,0,1,0.5,1,2,2,1,2,1,1
665,562,Yamask,5,Normal,1,Ghost,,0,1,1,1,1,1,0,0.5,1,1,1,0.5,1,2,1,2,1,1
666,562,Galarian Yamask,5,Normal,2,Ground,Ghost,0,1,2,0,2,2,0,0.25,1,1,1,0.5,0.5,2,1,2,1,1
667,563,Cofagrigus,5,Normal,1,Ghost,,0,1,1,1,1,1,0,0.5,1,1,1,0.5,1,2,1,2,1,1
668,564,Tirtouga,5,Normal,2,Water,Rock,0.5,0.25,1,1.5,3,0.5,1.5,0.5,1.5,0.5,1,1,1,1,1,1,1,1
669,565,Carracosta,5,Normal,2,Water,Rock,0.5,0.25,1,1.5,3,0.5,1.5,0.5,1.5,0.5,1,1,1,1,1,1,1,1
670,566,Archen,5,Normal,2,Rock,Flying,0.5,0.5,2,2,1,2,1,0.5,0,0.5,1,0.5,2,1,1,1,2,1
671,567,Archeops,5,Normal,2,Rock,Flying,0.5,0.5,2,2,1,2,1,0.5,0,0.5,1,0.5,2,1,1,1,2,1
672,568,Trubbish,5,Normal,1,Poison,,1,1,1,1,0.5,1,0.5,0.5,2,1,2,0.5,1,1,1,1,1,0.5
673,569,Garbodor,5,Normal,1,Poison,,1,1,1,1,0.5,1,0.5,0.5,2,1,2,0.5,1,1,1,1,1,0.5
674,570,Zorua,5,Normal,1,Dark,,1,1,1,1,1,1,2,1,1,1,0,2,1,0.5,1,0.5,1,2
675,571,Zoroark,5,Normal,1,Dark,,1,1,1,1,1,1,2,1,1,1,0,2,1,0.5,1,0.5,1,2
676,572,Minccino,5,Normal,1,Normal,,1,1,1,1,1,1,2,1,1,1,1,1,1,0,1,1,1,1
677,573,Cinccino,5,Normal,1,Normal,,1,1,1,1,1,1,2,1,1,1,1,1,1,0,1,1,1,1
678,574,Gothita,5,Normal,1,Psychic,,1,1,1,1,1,1,0.5,1,1,1,0.5,2,1,2,1,2,1,1
679,575,Gothorita,5,Normal,1,Psychic,,1,1,1,1,1,1,0.5,1,1,1,0.5,2,1,2,1,2,1,1
680,576,Gothitelle,5,Normal,1,Psychic,,1,1,1,1,1,1,0.5,1,1,1,0.5,2,1,2,1,2,1,1
681,577,Solosis,5,Normal,1,Psychic,,1,1,1,1,1,1,0.5,1,1,1,0.5,2,1,2,1,2,1,1
682,578,Duosion,5,Normal,1,Psychic,,1,1,1,1,1,1,0.5,1,1,1,0.5,2,1,2,1,2,1,1
683,579,Reuniclus,5,Normal,1,Psychic,,1,1,1,1,1,1,0.5,1,1,1,0.5,2,1,2,1,2,1,1
684,580,Ducklett,5,Normal,2,Water,Flying,1,0.5,0.5,4,1,1,0.5,1,0,1,1,0.5,2,1,1,1,0.5,1
685,581,Swanna,5,Normal,2,Water,Flying,1,0.5,0.5,4,1,1,0.5,1,0,1,1,0.5,2,1,1,1,0.5,1
686,582,Vanillite,5,Normal,1,Ice,,1,2,1,1,1,0.5,2,1,1,1,1,1,2,1,1,1,2,1
687,583,Vanillish,5,Normal,1,Ice,,1,2,1,1,1,0.5,2,1,1,1,1,1,2,1,1,1,2,1
688,584,Vanilluxe,5,Normal,1,Ice,,1,2,1,1,1,0.5,2,1,1,1,1,1,2,1,1,1,2,1
689,585,Deerling,5,Normal,2,Normal,Grass,1,2,0.5,0.5,0.5,2,2,2,0.5,2,1,2,1,0,1,1,1,1
690,586,Sawsbuck,5,Normal,2,Normal,Grass,1,2,0.5,0.5,0.5,2,2,2,0.5,2,1,2,1,0,1,1,1,1
691,587,Emolga,5,Normal,2,Electric,Flying,1,1,1,1,0.5,2,0.5,1,0,0.5,1,0.5,2,1,1,1,0.5,1
692,588,Karrablast,5,Normal,1,Bug,,1,2,1,1,0.5,1,0.5,1,0.5,2,1,1,2,1,1,1,1,1
693,589,Escavalier,5,Normal,2,Bug,Steel,0.5,4,1,1,0.25,0.5,1,0,1,1,0.5,0.5,1,1,0.5,1,0.5,0.5
694,590,Foongus,5,Normal,2,Grass,Poison,1,2,0.5,0.5,0.25,2,0.5,1,1,2,2,1,1,1,1,1,1,0.5
695,591,Amoonguss,5,Normal,2,Grass,Poison,1,2,0.5,0.5,0.25,2,0.5,1,1,2,2,1,1,1,1,1,1,0.5
696,592,Frillish,5,Normal,2,Water,Ghost,0,0.5,0,2,2,0.5,0,0.5,1,1,1,0.5,1,2,1,2,0.5,1
697,593,Jellicent,5,Normal,2,Water,Ghost,0,0.5,0,2,2,0.5,0,0.5,1,1,1,0.5,1,2,1,2,0.5,1
698,594,Alomomola,5,Normal,1,Water,,1,0.5,0.5,2,2,0.5,1,1,1,1,1,1,1,1,1,1,0.5,1
699,595,Joltik,5,Normal,2,Bug,Electric,1,2,1,0.5,0.5,1,0.5,1,1,1,1,1,2,1,1,1,0.5,1
700,596,Galvantula,5,Normal,2,Bug,Electric,1,2,1,0.5,0.5,1,0.5,1,1,1,1,1,2,1,1,1,0.5,1
701,597,Ferroseed,5,Normal,2,Grass,Steel,0.5,4,0.5,0.5,0.25,1,2,0,1,1,0.5,1,0.5,1,0.5,1,0.5,0.5
702,598,Ferrothorn,5,Normal,2,Grass,Steel,0.5,4,0.5,0.5,0.25,1,2,0,1,1,0.5,1,0.5,1,0.5,1,0.5,0.5
703,599,Klink,5,Normal,1,Steel,,0.5,2,1,1,0.5,0.5,2,0,2,0.5,0.5,0.5,0.5,1,0.5,1,0.5,0.5
704,600,Klang,5,Normal,1,Steel,,0.5,2,1,1,0.5,0.5,2,0,2,0.5,0.5,0.5,0.5,1,0.5,1,0.5,0.5
705,601,Klinklang,5,Normal,1,Steel,,0.5,2,1,1,0.5,0.5,2,0,2,0.5,0.5,0.5,0.5,1,0.5,1,0.5,0.5
706,602,Tynamo,5,Normal,1,Electric,,1,1,1,0.5,1,1,1,1,0,0.5,1,1,1,1,1,1,0.5,1
707,603,Eelektrik,5,Normal,1,Electric,,1,1,1,0.5,1,1,1,1,0,0.5,1,1,1,1,1,1,0.5,1
708,604,Eelektross,5,Normal,1,Electric,,1,1,1,0.5,1,1,1,1,0,0.5,1,1,1,1,1,1,0.5,1
709,605,Elgyem,5,Normal,1,Psychic,,1,1,1,1,1,1,0.5,1,1,1,0.5,2,1,2,1,2,1,1
710,606,Beheeyem,5,Normal,1,Psychic,,1,1,1,1,1,1,0.5,1,1,1,0.5,2,1,2,1,2,1,1
711,607,Litwick,5,Normal,2,Ghost,Fire,0,0,2,1,0.5,0.5,0,0.5,2,1,1,0.25,2,2,1,2,0.5,0.5
712,608,Lampent,5,Normal,2,Ghost,Fire,0,0,2,1,0.5,0.5,0,0.5,2,1,1,0.25,2,2,1,2,0.5,0.5
713,609,Chandelure,5,Normal,2,Ghost,Fire,0,0,2,1,0.5,0.5,0,0.5,2,1,1,0.25,2,2,1,2,0.5,0.5
714,610,Axew,5,Normal,1,Dragon,,1,0.5,0.5,0.5,0.5,2,1,1,1,1,1,1,1,1,2,1,1,2
715,611,Fraxure,5,Normal,1,Dragon,,1,0.5,0.5,0.5,0.5,2,1,1,1,1,1,1,1,1,2,1,1,2
716,612,Haxorus,5,Normal,1,Dragon,,1,0.5,0.5,0.5,0.5,2,1,1,1,1,1,1,1,1,2,1,1,2
717,613,Cubchoo,5,Normal,1,Ice,,1,2,1,1,1,0.5,2,1,1,1,1,1,2,1,1,1,2,1
718,614,Beartic,5,Normal,1,Ice,,1,2,1,1,1,0.5,2,1,1,1,1,1,2,1,1,1,2,1
719,615,Cryogonal,5,Normal,1,Ice,,1,2,1,1,1,0.5,2,1,0,1,1,1,2,1,1,1,2,1
720,616,Shelmet,5,Normal,1,Bug,,1,2,1,1,0.5,1,0.5,1,0.5,2,1,1,2,1,1,1,1,1
721,617,Accelgor,5,Normal,1,Bug,,1,2,1,1,0.5,1,0.5,1,0.5,2,1,1,2,1,1,1,1,1
722,618,Stunfisk,5,Normal,2,Ground,Electric,1,1,2,0,2,2,1,0.5,2,0.5,1,1,0.5,1,1,1,0.5,1
723,618,Galarian Stunfisk,5,Normal,2,Ground,Steel,0.5,2,2,0,1,1,2,0,2,0.5,0.5,0.5,0.25,1,0.5,1,0.5,0.5
724,619,Mienfoo,5,Normal,1,Fighting,,1,1,1,1,1,1,1,1,1,2,2,0.5,0.5,1,1,0.5,1,2
725,620,Mienshao,5,Normal,1,Fighting,,1,1,1,1,1,1,1,1,1,2,2,0.5,0.5,1,1,0.5,1,2
726,621,Druddigon,5,Normal,1,Dragon,,1,0.5,0.5,0.5,0.5,2,1,1,1,1,1,1,1,1,2,1,1,2
727,622,Golett,5,Normal,2,Ground,Ghost,0,1,2,0,2,2,0,0.25,1,1,1,0.5,0.5,2,1,2,1,1
728,623,Golurk,5,Normal,2,Ground,Ghost,0,1,2,0,2,2,0,0.25,1,1,1,0.5,0.5,2,1,2,1,1
729,624,Pawniard,5,Normal,2,Dark,Steel,0.5,2,1,1,0.5,0.5,4,0,2,0.5,0,1,0.5,0.5,0.5,0.5,0.5,1
730,625,Bisharp,5,Normal,2,Dark,Steel,0.5,2,1,1,0.5,0.5,4,0,2,0.5,0,1,0.5,0.5,0.5,0.5,0.5,1
731,626,Bouffalant,5,Normal,1,Normal,,1,1,1,1,1,1,2,1,1,1,1,1,1,0,1,1,1,1
732,627,Rufflet,5,Normal,2,Normal,Flying,1,1,1,2,0.5,2,1,1,0,1,1,0.5,2,0,1,1,1,1
733,628,Braviary,5,Normal,2,Normal,Flying,1,1,1,2,0.5,2,1,1,0,1,1,0.5,2,0,1,1,1,1
734,629,Vullaby,5,Normal,2,Dark,Flying,1,1,1,2,0.5,2,1,1,0,1,0,1,2,0.5,1,0.5,1,2
735,630,Mandibuzz,5,Normal,2,Dark,Flying,1,1,1,2,0.5,2,1,1,0,1,0,1,2,0.5,1,0.5,1,2
736,631,Heatmor,5,Normal,1,Fire,,1,0.5,2,1,0.5,0.5,1,1,2,1,1,0.5,2,1,1,1,0.5,0.5
737,632,Durant,5,Normal,2,Bug,Steel,0.5,4,1,1,0.25,0.5,1,0,1,1,0.5,0.5,1,1,0.5,1,0.5,0.5
738,633,Deino,5,Normal,2,Dark,Dragon,1,0.5,0.5,0.5,0.5,2,2,1,1,1,0,2,1,0.5,2,0.5,1,4
739,634,Zweilous,5,Normal,2,Dark,Dragon,1,0.5,0.5,0.5,0.5,2,2,1,1,1,0,2,1,0.5,2,0.5,1,4
740,635,Hydreigon,5,Normal,2,Dark,Dragon,1,0.5,0.5,0.5,0.5,2,2,1,0,1,0,2,1,0.5,2,0.5,1,4
741,636,Larvesta,5,Normal,2,Bug,Fire,1,1,2,1,0.25,0.5,0.5,1,1,2,1,0.5,4,1,1,1,0.5,0.5
742,637,Volcarona,5,Normal,2,Bug,Fire,1,1,2,1,0.25,0.5,0.5,1,1,2,1,0.5,4,1,1,1,0.5,0.5
743,638,Cobalion,5,Sub Legendary,2,Steel,Fighting,0.5,2,1,1,0.5,0.5,2,0,2,1,1,0.25,0.25,1,0.5,0.5,0.5,1
744,639,Terrakion,5,Sub Legendary,2,Rock,Fighting,0.5,0.5,2,1,2,1,2,0.5,2,1,2,0.5,0.5,1,1,0.5,2,2
745,640,Virizion,5,Sub Legendary,2,Grass,Fighting,1,2,0.5,0.5,0.5,2,1,2,0.5,4,2,1,0.5,1,1,0.5,1,2
746,641,Tornadus Incarnate Forme,5,Sub Legendary,1,Flying,,1,1,1,2,0.5,2,0.5,1,0,1,1,0.5,2,1,1,1,1,1
747,641,Tornadus Therian Forme,5,Sub Legendary,1,Flying,,1,1,1,2,0.5,2,0.5,1,0,1,1,0.5,2,1,1,1,1,1
748,642,Thundurus Incarnate Forme,5,Sub Legendary,2,Electric,Flying,1,1,1,1,0.5,2,0.5,1,0,0.5,1,0.5,2,1,1,1,0.5,1
749,642,Thundurus Therian Forme,5,Sub Legendary,2,Electric,Flying,1,1,1,0,0.5,2,0.5,1,0,0.5,1,0.5,2,1,1,1,0.5,1
750,643,Reshiram,5,Legendary,2,Dragon,Fire,1,0.25,1,0.5,0.25,1,1,1,2,1,1,0.5,2,1,2,1,0.5,1
751,644,Zekrom,5,Legendary,2,Dragon,Electric,1,0.5,0.5,0.25,0.5,2,1,1,2,0.5,1,1,1,1,2,1,0.5,2
752,645,Landorus Incarnate Forme,5,Sub Legendary,2,Ground,Flying,1,1,2,0,1,4,0.5,0.5,0,1,1,0.5,1,1,1,1,1,1
753,645,Landorus Therian Forme,5,Sub Legendary,2,Ground,Flying,1,1,2,0,1,4,0.5,0.5,0,1,1,0.5,1,1,1,1,1,1
754,646,Kyurem,5,Legendary,2,Dragon,Ice,1,1,0.5,0.5,0.5,1,2,1,1,1,1,1,2,1,2,1,2,2
755,646,Black Kyurem,5,Legendary,2,Dragon,Ice,1,1,0.5,0.5,0.5,1,2,1,1,1,1,1,2,1,2,1,2,2
756,646,White Kyurem,5,Legendary,2,Dragon,Ice,1,1,0.5,0.5,0.5,1,2,1,1,1,1,1,2,1,2,1,2,2
757,647,Keldeo Ordinary Forme,5,Mythical,2,Water,Fighting,1,0.5,0.5,2,2,0.5,1,1,1,2,2,0.5,0.5,1,1,0.5,0.5,2
758,647,Keldeo Resolute Forme,5,Mythical,2,Water,Fighting,1,0.5,0.5,2,2,0.5,1,1,1,2,2,0.5,0.5,1,1,0.5,0.5,2
759,648,Meloetta Aria Forme,5,Mythical,2,Normal,Psychic,1,1,1,1,1,1,1,1,1,1,0.5,2,1,0,1,2,1,1
760,648,Meloetta Pirouette Forme,5,Mythical,2,Normal,Fighting,1,1,1,1,1,1,2,1,1,2,2,0.5,0.5,0,1,0.5,1,2
761,649,Genesect,5,Mythical,2,Bug,Steel,0.5,4,1,1,0.25,0.5,1,0,1,1,0.5,0.5,1,1,0.5,1,0.5,0.5
762,650,Chespin,6,Normal,1,Grass,,1,2,0.5,0.5,0.5,2,1,2,0.5,2,1,2,1,1,1,1,1,1
763,651,Quilladin,6,Normal,1,Grass,,1,2,0.5,0.5,0.5,2,1,2,0.5,2,1,2,1,1,1,1,1,1
764,652,Chesnaught,6,Normal,2,Grass,Fighting,1,2,0.5,0.5,0.5,2,1,2,0.5,4,2,1,0.5,1,1,0.5,1,2
765,653,Fennekin,6,Normal,1,Fire,,1,0.5,2,1,0.5,0.5,1,1,2,1,1,0.5,2,1,1,1,0.5,0.5
766,654,Braixen,6,Normal,1,Fire,,1,0.5,2,1,0.5,0.5,1,1,2,1,1,0.5,2,1,1,1,0.5,0.5
767,655,Delphox,6,Normal,2,Fire,Psychic,1,0.5,2,1,0.5,0.5,0.5,1,2,1,0.5,1,2,2,1,2,0.5,0.5
768,656,Froakie,6,Normal,1,Water,,1,0.5,0.5,2,2,0.5,1,1,1,1,1,1,1,1,1,1,0.5,1
769,657,Frogadier,6,Normal,1,Water,,1,0.5,0.5,2,2,0.5,1,1,1,1,1,1,1,1,1,1,0.5,1
770,658,Greninja,6,Normal,2,Water,Dark,1,0.5,0.5,2,2,0.5,2,1,1,1,0,2,1,0.5,1,0.5,0.5,2
771,658,Ash-Greninja,6,Normal,2,Water,Dark,1,0.5,0.5,2,2,0.5,2,1,1,1,0,2,1,0.5,1,0.5,0.5,2
772,659,Bunnelby,6,Normal,1,Normal,,1,1,1,1,1,1,2,1,1,1,1,1,1,0,1,1,1,1
773,660,Diggersby,6,Normal,2,Normal,Ground,1,1,2,0,2,2,2,0.5,1,1,1,1,0.5,0,1,1,1,1
774,661,Fletchling,6,Normal,2,Normal,Flying,1,1,1,2,0.5,2,1,1,0,1,1,0.5,2,0,1,1,1,1
775,662,Fletchinder,6,Normal,2,Fire,Flying,1,0.5,2,2,0.25,1,0.5,1,0,1,1,0.25,4,1,1,1,0.5,0.5
776,663,Talonflame,6,Normal,2,Fire,Flying,1,0.5,2,2,0.25,1,0.5,1,0,1,1,0.25,4,1,1,1,0.5,0.5
777,664,Scatterbug,6,Normal,1,Bug,,1,2,1,1,0.5,1,0.5,1,0.5,2,1,1,2,1,1,1,1,1
778,665,Spewpa,6,Normal,1,Bug,,1,2,1,1,0.5,1,0.5,1,0.5,2,1,1,2,1,1,1,1,1
779,666,Vivillon,6,Normal,2,Bug,Flying,1,2,1,2,0.25,2,0.25,1,0,2,1,0.5,4,1,1,1,1,1
780,667,Litleo,6,Normal,2,Fire,Normal,1,0.5,2,1,0.5,0.5,2,1,2,1,1,0.5,2,0,1,1,0.5,0.5
781,668,Pyroar,6,Normal,2,Fire,Normal,1,0.5,2,1,0.5,0.5,2,1,2,1,1,0.5,2,0,1,1,0.5,0.5
782,669,Flabébé,6,Normal,1,Fairy,,1,1,1,1,1,1,0.5,2,1,1,1,0.5,1,1,0,0.5,2,1
783,670,Floette,6,Normal,1,Fairy,,1,1,1,1,1,1,0.5,2,1,1,1,0.5,1,1,0,0.5,2,1
784,671,Florges,6,Normal,1,Fairy,,1,1,1,1,1,1,0.5,2,1,1,1,0.5,1,1,0,0.5,2,1
785,672,Skiddo,6,Normal,1,Grass,,1,2,0.5,0.5,0,2,1,2,0.5,2,1,2,1,1,1,1,1,1
786,673,Gogoat,6,Normal,1,Grass,,1,2,0.5,0.5,0,2,1,2,0.5,2,1,2,1,1,1,1,1,1
787,674,Pancham,6,Normal,1,Fighting,,1,1,1,1,1,1,1,1,1,2,2,0.5,0.5,1,1,0.5,1,2
788,675,Pangoro,6,Normal,2,Fighting,Dark,1,1,1,1,1,1,2,1,1,2,0,1,0.5,0.5,1,0.25,1,4
789,676,Furfrou,6,Normal,1,Normal,,1,1,1,1,1,1,2,1,1,1,1,1,1,0,1,1,1,1
790,677,Espurr,6,Normal,1,Psychic,,1,1,1,1,1,1,0.5,1,1,1,0.5,2,1,2,1,2,1,1
791,678,Meowstic Male,6,Normal,1,Psychic,,1,1,1,1,1,1,0.5,1,1,1,0.5,2,1,2,1,2,1,1
792,678,Meowstic Female,6,Normal,1,Psychic,,1,1,1,1,1,1,0.5,1,1,1,0.5,2,1,2,1,2,1,1
793,679,Honedge,6,Normal,2,Steel,Ghost,0,2,1,1,0.5,0.5,0,0,2,0.5,0.5,0.25,0.5,2,0.5,2,0.5,0.5
794,680,Doublade,6,Normal,2,Steel,Ghost,0,2,1,1,0.5,0.5,0,0,2,0.5,0.5,0.25,0.5,2,0.5,2,0.5,0.5
795,681,Aegislash Blade Forme,6,Normal,2,Steel,Ghost,0,2,1,1,0.5,0.5,0,0,2,0.5,0.5,0.25,0.5,2,0.5,2,0.5,0.5
796,681,Aegislash Shield Forme,6,Normal,2,Steel,Ghost,0,2,1,1,0.5,0.5,0,0,2,0.5,0.5,0.25,0.5,2,0.5,2,0.5,0.5
797,682,Spritzee,6,Normal,1,Fairy,,1,1,1,1,1,1,0.5,2,1,1,1,0.5,1,1,0,0.5,2,1
798,683,Aromatisse,6,Normal,1,Fairy,,1,1,1,1,1,1,0.5,2,1,1,1,0.5,1,1,0,0.5,2,1
799,684,Swirlix,6,Normal,1,Fairy,,1,1,1,1,1,1,0.5,2,1,1,1,0.5,1,1,0,0.5,2,1
800,685,Slurpuff,6,Normal,1,Fairy,,1,1,1,1,1,1,0.5,2,1,1,1,0.5,1,1,0,0.5,2,1
801,686,Inkay,6,Normal,2,Dark,Psychic,1,1,1,1,1,1,1,1,1,1,0,4,1,1,1,1,1,2
802,687,Malamar,6,Normal,2,Dark,Psychic,1,1,1,1,1,1,1,1,1,1,0,4,1,1,1,1,1,2
803,688,Binacle,6,Normal,2,Rock,Water,0.5,0.25,1,2,4,0.5,2,0.5,2,0.5,1,1,1,1,1,1,1,1
804,689,Barbaracle,6,Normal,2,Rock,Water,0.5,0.25,1,2,4,0.5,2,0.5,2,0.5,1,1,1,1,1,1,1,1
805,690,Skrelp,6,Normal,2,Poison,Water,1,0.5,0.5,2,1,0.5,0.5,0.5,2,1,2,0.5,1,1,1,1,0.5,0.5
806,691,Dragalge,6,Normal,2,Poison,Dragon,1,0.5,0.5,0.5,0.25,2,0.5,0.5,2,1,2,0.5,1,1,2,1,1,1
807,692,Clauncher,6,Normal,1,Water,,1,0.5,0.5,2,2,0.5,1,1,1,1,1,1,1,1,1,1,0.5,1
808,693,Clawitzer,6,Normal,1,Water,,1,0.5,0.5,2,2,0.5,1,1,1,1,1,1,1,1,1,1,0.5,1
809,694,Helioptile,6,Normal,2,Electric,Normal,1,1.25,0,0.5,1,1,2,1,2,0.5,1,1,1,0,1,1,0.5,1
810,695,Heliolisk,6,Normal,2,Electric,Normal,1,1.25,0,0.5,1,1,2,1,2,0.5,1,1,1,0,1,1,0.5,1
811,696,Tyrunt,6,Normal,2,Rock,Dragon,0.5,0.25,1,0.5,1,2,2,0.5,2,0.5,1,1,1,1,2,1,2,2
812,697,Tyrantrum,6,Normal,2,Rock,Dragon,0.5,0.25,1,0.5,1,2,2,0.5,2,0.5,1,1,1,1,2,1,2,2
813,698,Amaura,6,Normal,2,Rock,Ice,0.5,1,2,1,2,0.5,4,0.5,2,0.5,1,1,2,1,1,1,4,1
814,699,Aurorus,6,Normal,2,Rock,Ice,0.5,1,2,1,2,0.5,4,0.5,2,0.5,1,1,2,1,1,1,4,1
815,700,Sylveon,6,Normal,1,Fairy,,1,1,1,1,1,1,0.5,2,1,1,1,0.5,1,1,0,0.5,2,1
816,701,Hawlucha,6,Normal,2,Fighting,Flying,1,1,1,2,0.5,2,0.5,1,0,2,2,0.25,1,1,1,0.5,1,2
817,702,Dedenne,6,Normal,2,Electric,Fairy,1,1,1,0.5,1,1,0.5,2,2,0.5,1,0.5,1,1,0,0.5,1,1
818,703,Carbink,6,Normal,2,Rock,Fairy,0.5,0.5,2,1,2,1,1,1,2,0.5,1,0.5,1,1,0,0.5,4,1
819,704,Goomy,6,Normal,1,Dragon,,1,0.5,0.5,0.5,0,2,1,1,1,1,1,1,1,1,2,1,1,2
820,705,Sliggoo,6,Normal,1,Dragon,,1,0.5,0.5,0.5,0,2,1,1,1,1,1,1,1,1,2,1,1,2
821,706,Goodra,6,Normal,1,Dragon,,1,0.5,0.5,0.5,0,2,1,1,1,1,1,1,1,1,2,1,1,2
822,707,Klefki,6,Normal,2,Steel,Fairy,0.5,2,1,1,0.5,0.5,1,0,2,0.5,0.5,0.25,0.5,1,0,0.5,1,0.5
823,708,Phantump,6,Normal,2,Ghost,Grass,0,2,0.5,0.5,0.5,2,0,1,0.5,2,1,1,1,2,1,2,1,1
824,709,Trevenant,6,Normal,2,Ghost,Grass,0,2,0.5,0.5,0.5,2,0,1,0.5,2,1,1,1,2,1,2,1,1
825,710,Pumpkaboo Average Size,6,Normal,2,Ghost,Grass,0,2,0.5,0.5,0.5,2,0,1,0.5,2,1,1,1,2,1,2,1,1
826,710,Pumpkaboo Small Size,6,Normal,2,Ghost,Grass,0,2,0.5,0.5,0.5,2,0,1,0.5,2,1,1,1,2,1,2,1,1
827,710,Pumpkaboo Large Size,6,Normal,2,Ghost,Grass,0,2,0.5,0.5,0.5,2,0,1,0.5,2,1,1,1,2,1,2,1,1
828,710,Pumpkaboo Super Size,6,Normal,2,Ghost,Grass,0,2,0.5,0.5,0.5,2,0,1,0.5,2,1,1,1,2,1,2,1,1
829,711,Gourgeist Average Size,6,Normal,2,Ghost,Grass,0,2,0.5,0.5,0.5,2,0,1,0.5,2,1,1,1,2,1,2,1,1
830,711,Gourgeist Small Size,6,Normal,2,Ghost,Grass,0,2,0.5,0.5,0.5,2,0,1,0.5,2,1,1,1,2,1,2,1,1
831,711,Gourgeist Large Size,6,Normal,2,Ghost,Grass,0,2,0.5,0.5,0.5,2,0,1,0.5,2,1,1,1,2,1,2,1,1
832,711,Gourgeist Super Size,6,Normal,2,Ghost,Grass,0,2,0.5,0.5,0.5,2,0,1,0.5,2,1,1,1,2,1,2,1,1
833,712,Bergmite,6,Normal,1,Ice,,1,2,1,1,1,0.5,2,1,1,1,1,1,2,1,1,1,2,1
834,713,Avalugg,6,Normal,1,Ice,,1,2,1,1,1,0.5,2,1,1,1,1,1,2,1,1,1,2,1
835,714,Noibat,6,Normal,2,Flying,Dragon,1,0.5,0.5,1,0.25,4,0.5,1,0,1,1,0.5,2,1,2,1,1,2
836,715,Noivern,6,Normal,2,Flying,Dragon,1,0.5,0.5,1,0.25,4,0.5,1,0,1,1,0.5,2,1,2,1,1,2
837,716,Xerneas,6,Legendary,1,Fairy,,1,1,1,1,1,1,0.5,2,1,1,1,0.5,1,1,0,0.5,2,1
838,717,Yveltal,6,Legendary,2,Dark,Flying,1,1,1,2,0.5,2,1,1,0,1,0,1,2,0.5,1,0.5,1,2
839,718,Zygarde 50% Forme,6,Legendary,2,Dragon,Ground,1,0.5,1,0,1,4,1,0.5,1,1,1,1,0.5,1,2,1,1,2
840,718,Zygarde 10% Forme,6,Legendary,2,Dragon,Ground,1,0.5,1,0,1,4,1,0.5,1,1,1,1,0.5,1,2,1,1,2
841,718,Zygarde Complete Forme,6,Legendary,2,Dragon,Ground,1,0.5,1,0,1,4,1,0.5,1,1,1,1,0.5,1,2,1,1,2
842,719,Diancie,6,Mythical,2,Rock,Fairy,0.5,0.5,2,1,2,1,1,1,2,0.5,1,0.5,1,1,0,0.5,4,1
843,719,Mega Diancie,6,Mythical,2,Rock,Fairy,0.5,0.5,2,1,2,1,1,1,2,0.5,1,0.5,1,1,0,0.5,4,1
844,720,Hoopa Hoopa Confined,6,Mythical,2,Psychic,Ghost,0,1,1,1,1,1,0,0.5,1,1,0.5,1,1,4,1,4,1,1
845,720,Hoopa Hoopa Unbound,6,Mythical,2,Psychic,Dark,1,1,1,1,1,1,1,1,1,1,0,4,1,1,1,1,1,2
846,721,Volcanion,6,Mythical,2,Fire,Water,1,0.25,0,2,1,0.25,1,1,2,1,1,0.5,2,1,1,1,0.25,0.5
847,722,Rowlet,7,Normal,2,Grass,Flying,1,2,0.5,1,0.25,4,0.5,2,0,2,1,1,2,1,1,1,1,1
848,723,Dartrix,7,Normal,2,Grass,Flying,1,2,0.5,1,0.25,4,0.5,2,0,2,1,1,2,1,1,1,1,1
849,724,Decidueye,7,Normal,2,Grass,Ghost,0,2,0.5,0.5,0.5,2,0,1,0.5,2,1,1,1,2,1,2,1,1
850,725,Litten,7,Normal,1,Fire,,1,0.5,2,1,0.5,0.5,1,1,2,1,1,0.5,2,1,1,1,0.5,0.5
851,726,Torracat,7,Normal,1,Fire,,1,0.5,2,1,0.5,0.5,1,1,2,1,1,0.5,2,1,1,1,0.5,0.5
852,727,Incineroar,7,Normal,2,Fire,Dark,1,0.5,2,1,0.5,0.5,2,1,2,1,0,1,2,0.5,1,0.5,0.5,1
853,728,Popplio,7,Normal,1,Water,,1,0.5,0.5,2,2,0.5,1,1,1,1,1,1,1,1,1,1,0.5,1
854,729,Brionne,7,Normal,1,Water,,1,0.5,0.5,2,2,0.5,1,1,1,1,1,1,1,1,1,1,0.5,1
855,730,Primarina,7,Normal,2,Water,Fairy,1,0.5,0.5,2,2,0.5,0.5,2,1,1,1,0.5,1,1,0,0.5,1,1
856,731,Pikipek,7,Normal,2,Normal,Flying,1,1,1,2,0.5,2,1,1,0,1,1,0.5,2,0,1,1,1,1
857,732,Trumbeak,7,Normal,2,Normal,Flying,1,1,1,2,0.5,2,1,1,0,1,1,0.5,2,0,1,1,1,1
858,733,Toucannon,7,Normal,2,Normal,Flying,1,1,1,2,0.5,2,1,1,0,1,1,0.5,2,0,1,1,1,1
859,734,Yungoos,7,Normal,1,Normal,,1,1,1,1,1,1,2,1,1,1,1,1,1,0,1,1,1,1
860,735,Gumshoos,7,Normal,1,Normal,,1,1,1,1,1,1,2,1,1,1,1,1,1,0,1,1,1,1
861,736,Grubbin,7,Normal,1,Bug,,1,2,1,1,0.5,1,0.5,1,0.5,2,1,1,2,1,1,1,1,1
862,737,Charjabug,7,Normal,2,Bug,Electric,1,2,1,0.5,0.5,1,0.5,1,1,1,1,1,2,1,1,1,0.5,1
863,738,Vikavolt,7,Normal,2,Bug,Electric,1,2,1,0.5,0.5,1,0.5,1,0,1,1,1,2,1,1,1,0.5,1
864,739,Crabrawler,7,Normal,1,Fighting,,1,1,1,1,1,1,1,1,1,2,2,0.5,0.5,1,1,0.5,1,2
865,740,Crabominable,7,Normal,2,Fighting,Ice,1,2,1,1,1,0.5,2,1,1,2,2,0.5,1,1,1,0.5,2,2
866,741,Oricorio Baile Style,7,Normal,2,Fire,Flying,1,0.5,2,2,0.25,1,0.5,1,0,1,1,0.25,4,1,1,1,0.5,0.5
867,741,Oricorio Pom-Pom Style,7,Normal,2,Electric,Flying,1,1,1,1,0.5,2,0.5,1,0,0.5,1,0.5,2,1,1,1,0.5,1
868,741,Oricorio Pa'u Style,7,Normal,2,Psychic,Flying,1,1,1,2,0.5,2,0.25,1,0,1,0.5,1,2,2,1,2,1,1
869,741,Oricorio Sensu Style,7,Normal,2,Ghost,Flying,0,1,1,2,0.5,2,0,0.5,0,1,1,0.25,2,2,1,2,1,1
870,742,Cutiefly,7,Normal,2,Bug,Fairy,1,2,1,1,0.5,1,0.25,2,0.5,2,1,0.5,2,1,0,0.5,2,1
871,743,Ribombee,7,Normal,2,Bug,Fairy,1,2,1,1,0.5,1,0.25,2,0.5,2,1,0.5,2,1,0,0.5,2,1
872,744,Rockruff,7,Normal,1,Rock,,0.5,0.5,2,1,2,1,2,0.5,2,0.5,1,1,1,1,1,1,2,1
873,744,Own Tempo Rockruff,7,Normal,1,Rock,,0.5,0.5,2,1,2,1,2,0.5,2,0.5,1,1,1,1,1,1,2,1
874,745,Lycanroc Midday Form,7,Normal,1,Rock,,0.5,0.5,2,1,2,1,2,0.5,2,0.5,1,1,1,1,1,1,2,1
875,745,Lycanroc Midnight Form,7,Normal,1,Rock,,0.5,0.5,2,1,2,1,2,0.5,2,0.5,1,1,1,1,1,1,2,1
876,745,Lycanroc Dusk Form,7,Normal,1,Rock,,0.5,0.5,2,1,2,1,2,0.5,2,0.5,1,1,1,1,1,1,2,1
877,746,Wishiwashi Solo Form,7,Normal,1,Water,,1,0.5,0.5,2,2,0.5,1,1,1,1,1,1,1,1,1,1,0.5,1
878,746,Wishiwashi School Form,7,Normal,1,Water,,1,0.5,0.5,2,2,0.5,1,1,1,1,1,1,1,1,1,1,0.5,1
879,747,Mareanie,7,Normal,2,Poison,Water,1,0.5,0.5,2,1,0.5,0.5,0.5,2,1,2,0.5,1,1,1,1,0.5,0.5
880,748,Toxapex,7,Normal,2,Poison,Water,1,0.5,0.5,2,1,0.5,0.5,0.5,2,1,2,0.5,1,1,1,1,0.5,0.5
881,749,Mudbray,7,Normal,1,Ground,,1,1,2,0,2,2,1,0.5,1,1,1,1,0.5,1,1,1,1,1
882,750,Mudsdale,7,Normal,1,Ground,,1,1,2,0,2,2,1,0.5,1,1,1,1,0.5,1,1,1,1,1
883,751,Dewpider,7,Normal,2,Water,Bug,1,0.5,0.5,2,1,0.5,0.5,1,0.5,2,1,1,2,1,1,1,0.5,1
884,752,Araquanid,7,Normal,2,Water,Bug,1,0.5,0.5,2,1,0.5,0.5,1,0.5,2,1,1,2,1,1,1,0.5,1
885,753,Fomantis,7,Normal,1,Grass,,1,2,0.5,0.5,0.5,2,1,2,0.5,2,1,2,1,1,1,1,1,1
886,754,Lurantis,7,Normal,1,Grass,,1,2,0.5,0.5,0.5,2,1,2,0.5,2,1,2,1,1,1,1,1,1
887,755,Morelull,7,Normal,2,Grass,Fairy,1,2,0.5,0.5,0.5,2,0.5,4,0.5,2,1,1,1,1,0,0.5,2,1
888,756,Shiinotic,7,Normal,2,Grass,Fairy,1,2,0.5,0.5,0.5,2,0.5,4,0.5,2,1,1,1,1,0,0.5,2,1
889,757,Salandit,7,Normal,2,Poison,Fire,1,0.5,2,1,0.25,0.5,0.5,0.5,4,1,2,0.25,2,1,1,1,0.5,0.25
890,758,Salazzle,7,Normal,2,Poison,Fire,1,0.5,2,1,0.25,0.5,0.5,0.5,4,1,2,0.25,2,1,1,1,0.5,0.25
891,759,Stufful,7,Normal,2,Normal,Fighting,1,2,1,1,1,1,2,1,1,2,2,0.5,0.5,0,1,0.5,1,2
892,760,Bewear,7,Normal,2,Normal,Fighting,1,2,1,1,1,1,2,1,1,2,2,0.5,0.5,0,1,0.5,1,2
893,761,Bounsweet,7,Normal,1,Grass,,1,2,0.5,0.5,0.5,2,1,2,0.5,2,1,2,1,1,1,1,1,1
894,762,Steenee,7,Normal,1,Grass,,1,2,0.5,0.5,0.5,2,1,2,0.5,2,1,2,1,1,1,1,1,1
895,763,Tsareena,7,Normal,1,Grass,,1,2,0.5,0.5,0.5,2,1,2,0.5,2,1,2,1,1,1,1,1,1
896,764,Comfey,7,Normal,1,Fairy,,1,1,1,1,1,1,0.5,2,1,1,1,0.5,1,1,0,0.5,2,1
897,765,Oranguru,7,Normal,2,Normal,Psychic,1,1,1,1,1,1,1,1,1,1,0.5,2,1,0,1,2,1,1
898,766,Passimian,7,Normal,1,Fighting,,1,1,1,1,1,1,1,1,1,2,2,0.5,0.5,1,1,0.5,1,2
899,767,Wimpod,7,Normal,2,Bug,Water,1,1,0.5,2,1,0.5,0.5,1,0.5,2,1,1,2,1,1,1,0.5,1
900,768,Golisopod,7,Normal,2,Bug,Water,1,1,0.5,2,1,0.5,0.5,1,0.5,2,1,1,2,1,1,1,0.5,1
901,769,Sandygast,7,Normal,2,Ghost,Ground,0,1,2,0,2,2,0,0.25,1,1,1,0.5,0.5,2,1,2,1,1
902,770,Palossand,7,Normal,2,Ghost,Ground,0,1,2,0,2,2,0,0.25,1,1,1,0.5,0.5,2,1,2,1,1
903,771,Pyukumuku,7,Normal,1,Water,,1,0.5,0.5,2,2,0.5,1,1,1,1,1,1,1,1,1,1,0.5,1
904,772,Type: Null,7,Sub Legendary,1,Normal,,1,1,1,1,1,1,2,1,1,1,1,1,1,0,1,1,1,1
905,773,Silvally,7,Sub Legendary,1,Normal,,1,1,1,1,1,1,2,1,1,1,1,1,1,0,1,1,1,1
906,774,Minior Meteor Form,7,Normal,2,Rock,Flying,0.5,0.5,2,2,1,2,1,0.5,0,0.5,1,0.5,2,1,1,1,2,1
907,774,Minior Core Form,7,Normal,2,Rock,Flying,0.5,0.5,2,2,1,2,1,0.5,0,0.5,1,0.5,2,1,1,1,2,1
908,775,Komala,7,Normal,1,Normal,,1,1,1,1,1,1,2,1,1,1,1,1,1,0,1,1,1,1
909,776,Turtonator,7,Normal,2,Fire,Dragon,1,0.25,1,0.5,0.25,1,1,1,2,1,1,0.5,2,1,2,1,0.5,1
910,777,Togedemaru,7,Normal,2,Electric,Steel,0.5,2,1,0.5,0.5,0.5,2,0,4,0.25,0.5,0.5,0.5,1,0.5,1,0.25,0.5
911,778,Mimikyu,7,Normal,2,Ghost,Fairy,0,1,1,1,1,1,0,1,1,1,1,0.25,1,2,0,1,2,1
912,779,Bruxish,7,Normal,2,Water,Psychic,1,0.5,0.5,2,2,0.5,0.5,1,1,1,0.5,2,1,2,1,2,0.5,1
913,780,Drampa,7,Normal,2,Normal,Dragon,1,0.5,0.5,0.5,0.5,2,2,1,1,1,1,1,1,0,2,1,1,2
914,781,Dhelmise,7,Normal,2,Ghost,Grass,0,2,0.5,0.5,0.5,2,0,1,0.5,2,1,1,1,2,1,2,1,1
915,782,Jangmo-o,7,Normal,1,Dragon,,1,0.5,0.5,0.5,0.5,2,1,1,1,1,1,1,1,1,2,1,1,2
916,783,Hakamo-o,7,Normal,2,Dragon,Fighting,1,0.5,0.5,0.5,0.5,2,1,1,1,2,2,0.5,0.5,1,2,0.5,1,4
917,784,Kommo-o,7,Normal,2,Dragon,Fighting,1,0.5,0.5,0.5,0.5,2,1,1,1,2,2,0.5,0.5,1,2,0.5,1,4
918,785,Tapu Koko,7,Sub Legendary,2,Electric,Fairy,1,1,1,0.5,1,1,0.5,2,2,0.5,1,0.5,1,1,0,0.5,1,1
919,786,Tapu Lele,7,Sub Legendary,2,Psychic,Fairy,1,1,1,1,1,1,0.25,2,1,1,0.5,1,1,2,0,1,2,1
920,787,Tapu Bulu,7,Sub Legendary,2,Grass,Fairy,1,2,0.5,0.5,0.5,2,0.5,4,0.5,2,1,1,1,1,0,0.5,2,1
921,788,Tapu Fini,7,Sub Legendary,2,Water,Fairy,1,0.5,0.5,2,2,0.5,0.5,2,1,1,1,0.5,1,1,0,0.5,1,1
922,789,Cosmog,7,Legendary,1,Psychic,,1,1,1,1,1,1,0.5,1,1,1,0.5,2,1,2,1,2,1,1
923,790,Cosmoem,7,Legendary,1,Psychic,,1,1,1,1,1,1,0.5,1,1,1,0.5,2,1,2,1,2,1,1
924,791,Solgaleo,7,Legendary,2,Psychic,Steel,0.5,2,1,1,0.5,0.5,1,0,2,0.5,0.25,1,0.5,2,0.5,2,0.5,0.5
925,792,Lunala,7,Legendary,2,Psychic,Ghost,0,1,1,1,1,1,0,0.5,1,1,0.5,1,1,4,1,4,1,1
926,793,Nihilego,7,Sub Legendary,2,Rock,Poison,0.5,0.5,2,1,1,1,1,0.25,4,0.5,2,0.5,1,1,1,1,2,0.5
927,794,Buzzwole,7,Sub Legendary,2,Bug,Fighting,1,2,1,1,0.5,1,0.5,1,0.5,4,2,0.5,1,1,1,0.5,1,2
928,795,Pheromosa,7,Sub Legendary,2,Bug,Fighting,1,2,1,1,0.5,1,0.5,1,0.5,4,2,0.5,1,1,1,0.5,1,2
929,796,Xurkitree,7,Sub Legendary,1,Electric,,1,1,1,0.5,1,1,1,1,2,0.5,1,1,1,1,1,1,0.5,1
930,797,Celesteela,7,Sub Legendary,2,Steel,Flying,0.5,2,1,2,0.25,1,1,0,0,0.5,0.5,0.25,1,1,0.5,1,0.5,0.5
931,798,Kartana,7,Sub Legendary,2,Grass,Steel,0.5,4,0.5,0.5,0.25,1,2,0,1,1,0.5,1,0.5,1,0.5,1,0.5,0.5
932,799,Guzzlord,7,Sub Legendary,2,Dark,Dragon,1,0.5,0.5,0.5,0.5,2,2,1,1,1,0,2,1,0.5,2,0.5,1,4
933,800,Necrozma,7,Legendary,1,Psychic,,1,1,1,1,1,1,0.5,1,1,1,0.5,1.5,1,1.5,1,1.5,1,1
934,800,Dusk Mane Necrozma,7,Legendary,2,Psychic,Steel,0.5,1.5,1,1,0.5,0.5,1,0,1.5,0.5,0.25,1,0.5,1.5,0.5,1.5,0.5,0.5
935,800,Dawn Wings Necrozma,7,Legendary,2,Psychic,Ghost,0,1,1,1,1,1,0,0.5,1,1,0.5,1,1,3,1,3,1,1
936,800,Ultra Necrozma,7,Legendary,2,Psychic,Dragon,1,0.5,0.5,0.5,0.5,2,0.5,1,1,1,0.5,2,1,2,2,2,1,2
937,801,Magearna,7,Mythical,2,Steel,Fairy,0.5,2,1,1,0.5,0.5,1,0,2,0.5,0.5,0.25,0.5,1,0,0.5,1,0.5
938,802,Marshadow,7,Mythical,2,Fighting,Ghost,0,1,1,1,1,1,0,0.5,1,2,2,0.25,0.5,2,1,1,1,2
939,803,Poipole,7,Sub Legendary,1,Poison,,1,1,1,1,0.5,1,0.5,0.5,2,1,2,0.5,1,1,1,1,1,0.5
940,804,Naganadel,7,Sub Legendary,2,Poison,Dragon,1,0.5,0.5,0.5,0.25,2,0.5,0.5,2,1,2,0.5,1,1,2,1,1,1
941,805,Stakataka,7,Sub Legendary,2,Rock,Steel,0.25,1,2,1,1,0.5,4,0,4,0.25,0.5,0.5,0.5,1,0.5,1,1,0.5
942,806,Blacephalon,7,Sub Legendary,2,Fire,Ghost,0,0.5,2,1,0.5,0.5,0,0.5,2,1,1,0.25,2,2,1,2,0.5,0.5
943,807,Zeraora,7,Mythical,1,Electric,,1,1,1,0,1,1,1,1,2,0.5,1,1,1,1,1,1,0.5,1
944,808,Meltan,7,Mythical,1,Steel,,0.5,2,1,1,0.5,0.5,2,0,2,0.5,0.5,0.5,0.5,1,0.5,1,0.5,0.5
945,809,Melmetal,7,Mythical,1,Steel,,0.5,2,1,1,0.5,0.5,2,0,2,0.5,0.5,0.5,0.5,1,0.5,1,0.5,0.5
946,810,Grookey,8,Normal,1,Grass,,1,2,0.5,0.5,0.5,2,1,2,0.5,2,1,2,1,1,1,1,1,1
947,811,Thwackey,8,Normal,1,Grass,,1,2,0.5,0.5,0.5,2,1,2,0.5,2,1,2,1,1,1,1,1,1
948,812,Rillaboom,8,Normal,1,Grass,,1,2,0.5,0.5,0.5,2,1,2,0.5,2,1,2,1,1,1,1,1,1
949,813,Scorbunny,8,Normal,1,Fire,,1,0.5,2,1,0.5,0.5,1,1,2,1,1,0.5,2,1,1,1,0.5,0.5
950,814,Raboot,8,Normal,1,Fire,,1,0.5,2,1,0.5,0.5,1,1,2,1,1,0.5,2,1,1,1,0.5,0.5
951,815,Cinderace,8,Normal,1,Fire,,1,0.5,2,1,0.5,0.5,1,1,2,1,1,0.5,2,1,1,1,0.5,0.5
952,816,Sobble,8,Normal,1,Water,,1,0.5,0.5,2,2,0.5,1,1,1,1,1,1,1,1,1,1,0.5,1
953,817,Drizzile,8,Normal,1,Water,,1,0.5,0.5,2,2,0.5,1,1,1,1,1,1,1,1,1,1,0.5,1
954,818,Inteleon,8,Normal,1,Water,,1,0.5,0.5,2,2,0.5,1,1,1,1,1,1,1,1,1,1,0.5,1
955,819,Skwovet,8,Normal,1,Normal,,1,1,1,1,1,1,2,1,1,1,1,1,1,0,1,1,1,1
956,820,Greedent,8,Normal,1,Normal,,1,1,1,1,1,1,2,1,1,1,1,1,1,0,1,1,1,1
957,821,Rookidee,8,Normal,1,Flying,,1,1,1,2,0.5,2,0.5,1,0,1,1,0.5,2,1,1,1,1,1
958,822,Corvisquire,8,Normal,1,Flying,,1,1,1,2,0.5,2,0.5,1,0,1,1,0.5,2,1,1,1,1,1
959,823,Corviknight,8,Normal,2,Flying,Steel,0.5,2,1,2,0.25,1,1,0,0,0.5,0.5,0.25,1,1,0.5,1,0.5,0.5
960,824,Blipbug,8,Normal,1,Bug,,1,2,1,1,0.5,1,0.5,1,0.5,2,1,1,2,1,1,1,1,1
961,825,Dottler,8,Normal,2,Bug,Psychic,1,2,1,1,0.5,1,0.25,1,0.5,2,0.5,2,2,2,1,2,1,1
962,826,Orbeetle,8,Normal,2,Bug,Psychic,1,2,1,1,0.5,1,0.25,1,0.5,2,0.5,2,2,2,1,2,1,1
963,827,Nickit,8,Normal,1,Dark,,1,1,1,1,1,1,2,1,1,1,0,2,1,0.5,1,0.5,1,2
964,828,Thievul,8,Normal,1,Dark,,1,1,1,1,1,1,2,1,1,1,0,2,1,0.5,1,0.5,1,2
965,829,Gossifleur,8,Normal,1,Grass,,1,2,0.5,0.5,0.5,2,1,2,0.5,2,1,2,1,1,1,1,1,1
966,830,Eldegoss,8,Normal,1,Grass,,1,2,0.5,0.5,0.5,2,1,2,0.5,2,1,2,1,1,1,1,1,1
967,831,Wooloo,8,Normal,1,Normal,,1,2,1,1,1,1,2,1,1,1,1,1,1,0,1,1,1,1
968,832,Dubwool,8,Normal,1,Normal,,1,2,1,1,1,1,2,1,1,1,1,1,1,0,1,1,1,1
969,833,Chewtle,8,Normal,1,Water,,1,0.5,0.5,2,2,0.5,1,1,1,1,1,1,1,1,1,1,0.5,1
970,834,Drednaw,8,Normal,2,Water,Rock,0.5,0.25,1,2,4,0.5,2,0.5,2,0.5,1,1,1,1,1,1,1,1
971,835,Yamper,8,Normal,1,Electric,,1,1,1,0.5,1,1,1,1,2,0.5,1,1,1,1,1,1,0.5,1
972,836,Boltund,8,Normal,1,Electric,,1,1,1,0.5,1,1,1,1,2,0.5,1,1,1,1,1,1,0.5,1
973,837,Rolycoly,8,Normal,1,Rock,,0.5,0.5,2,1,2,1,2,0.5,2,0.5,1,1,1,1,1,1,2,1
974,838,Carkol,8,Normal,2,Rock,Fire,0.5,0.25,4,1,1,0.5,2,0.5,4,0.5,1,0.5,2,1,1,1,1,0.5
975,839,Coalossal,8,Normal,2,Rock,Fire,0.5,0.25,4,1,1,0.5,2,0.5,4,0.5,1,0.5,2,1,1,1,1,0.5
976,840,Applin,8,Normal,2,Grass,Dragon,1,1,0.25,0.25,0.25,4,1,2,0.5,2,1,2,1,1,2,1,1,2
977,841,Flapple,8,Normal,2,Grass,Dragon,1,1,0.25,0.25,0.25,4,1,2,0.5,2,1,2,1,1,2,1,1,2
978,842,Appletun,8,Normal,2,Grass,Dragon,1,1,0.25,0.25,0.25,4,1,2,0.5,2,1,2,1,1,2,1,1,2
979,843,Silicobra,8,Normal,1,Ground,,1,1,2,0,2,2,1,0.5,1,1,1,1,0.5,1,1,1,1,1
980,844,Sandaconda,8,Normal,1,Ground,,1,1,2,0,2,2,1,0.5,1,1,1,1,0.5,1,1,1,1,1
981,845,Cramorant,8,Normal,2,Flying,Water,1,0.5,0.5,4,1,1,0.5,1,0,1,1,0.5,2,1,1,1,0.5,1
982,846,Arrokuda,8,Normal,1,Water,,1,0.5,0.5,2,2,0.5,1,1,1,1,1,1,1,1,1,1,0.5,1
983,847,Barraskewda,8,Normal,1,Water,,1,0.5,0.5,2,2,0.5,1,1,1,1,1,1,1,1,1,1,0.5,1
984,848,Toxel,8,Normal,2,Electric,Poison,1,1,1,0.5,0.5,1,0.5,0.5,4,0.5,2,0.5,1,1,1,1,0.5,0.5
985,849,Toxtricity Low Key Form,8,Normal,2,Electric,Poison,1,1,1,0.5,0.5,1,0.5,0.5,4,0.5,2,0.5,1,1,1,1,0.5,0.5
986,849,Toxtricity Amped Form,8,Normal,2,Electric,Poison,1,1,1,0.5,0.5,1,0.5,0.5,4,0.5,2,0.5,1,1,1,1,0.5,0.5
987,850,Sizzlipede,8,Normal,2,Fire,Bug,1,0,2,1,0.25,0.5,0.5,1,1,2,1,0.5,4,1,1,1,0.5,0.5
988,851,Centiskorch,8,Normal,2,Fire,Bug,1,0,2,1,0.25,0.5,0.5,1,1,2,1,0.5,4,1,1,1,0.5,0.5
989,852,Clobbopus,8,Normal,1,Fighting,,1,1,1,1,1,1,1,1,1,2,2,0.5,0.5,1,1,0.5,1,2
990,853,Grapploct,8,Normal,1,Fighting,,1,1,1,1,1,1,1,1,1,2,2,0.5,0.5,1,1,0.5,1,2
991,854,Sinistea,8,Normal,1,Ghost,,0,1,1,1,1,1,0,0.5,1,1,1,0.5,1,2,1,2,1,1
992,855,Polteageist,8,Normal,1,Ghost,,0,1,1,1,1,1,0,0.5,1,1,1,0.5,1,2,1,2,1,1
993,856,Hatenna,8,Normal,1,Psychic,,1,1,1,1,1,1,0.5,1,1,1,0.5,2,1,2,1,2,1,1
994,857,Hattrem,8,Normal,1,Psychic,,1,1,1,1,1,1,0.5,1,1,1,0.5,2,1,2,1,2,1,1
995,858,Hatterene,8,Normal,2,Psychic,Fairy,1,1,1,1,1,1,0.25,2,1,1,0.5,1,1,2,0,1,2,1
996,859,Impidimp,8,Normal,2,Dark,Fairy,1,1,1,1,1,1,1,2,1,1,0,1,1,0.5,0,0.25,2,2
997,860,Morgrem,8,Normal,2,Dark,Fairy,1,1,1,1,1,1,1,2,1,1,0,1,1,0.5,0,0.25,2,2
998,861,Grimmsnarl,8,Normal,2,Dark,Fairy,1,1,1,1,1,1,1,2,1,1,0,1,1,0.5,0,0.25,2,2
999,862,Obstagoon,8,Normal,2,Dark,Normal,1,1,1,1,1,1,4,1,1,1,0,2,1,0,1,0.5,1,2
1000,863,Perrserker,8,Normal,1,Steel,,0.5,2,1,1,0.5,0.5,2,0,2,0.5,0.5,0.5,0.5,1,0.5,1,0.5,0.5
1001,864,Cursola,8,Normal,1,Ghost,,0,1,1,1,1,1,0,0.5,1,1,1,0.5,1,2,1,2,1,1
1002,865,Sirfetch'd,8,Normal,1,Fighting,,1,1,1,1,1,1,1,1,1,2,2,0.5,0.5,1,1,0.5,1,2
1003,866,Mr. Rime,8,Normal,2,Psychic,Ice,1,2,1,1,1,0.5,1,1,1,1,0.5,2,2,2,1,2,2,1
1004,867,Runerigus,8,Normal,2,Ground,Ghost,0,1,2,0,2,2,0,0.25,1,1,1,0.5,0.5,2,1,2,1,1
1005,868,Milcery,8,Normal,1,Fairy,,1,1,1,1,1,1,0.5,2,1,1,1,0.5,1,1,0,0.5,2,1
1006,869,Alcremie,8,Normal,1,Fairy,,1,1,1,1,1,1,0.5,2,1,1,1,0.5,1,1,0,0.5,2,1
1007,870,Falinks,8,Normal,1,Fighting,,1,1,1,1,1,1,1,1,1,2,2,0.5,0.5,1,1,0.5,1,2
1008,871,Pincurchin,8,Normal,1,Electric,,1,1,1,0,1,1,1,1,2,0.5,1,1,1,1,1,1,0.5,1
1009,872,Snom,8,Normal,2,Ice,Bug,1,4,1,1,0.5,0.5,1,1,0.5,2,1,1,4,1,1,1,2,1
1010,873,Frosmoth,8,Normal,2,Ice,Bug,1,4,1,1,0.5,0.5,1,1,0.5,2,1,1,4,1,1,1,2,1
1011,874,Stonjourner,8,Normal,1,Rock,,0.5,0.5,2,1,2,1,2,0.5,2,0.5,1,1,1,1,1,1,2,1
1012,875,Eiscue Ice Face,8,Normal,1,Ice,,1,2,1,1,1,0.5,2,1,1,1,1,1,2,1,1,1,2,1
1013,875,Eiscue Noice Face,8,Normal,1,Ice,,1,2,1,1,1,0.5,2,1,1,1,1,1,2,1,1,1,2,1
1014,876,Indeedee Male,8,Normal,2,Psychic,Normal,1,1,1,1,1,1,1,1,1,1,0.5,2,1,0,1,2,1,1
1015,876,Indeedee Female,8,Normal,2,Psychic,Normal,1,1,1,1,1,1,1,1,1,1,0.5,2,1,0,1,2,1,1
1016,877,Morpeko Full Belly Mode,8,Normal,2,Electric,Dark,1,1,1,0.5,1,1,2,1,2,0.5,0,2,1,0.5,1,0.5,0.5,2
1017,877,Morpeko Hangry Mode,8,Normal,2,Electric,Dark,1,1,1,0.5,1,1,2,1,2,0.5,0,2,1,0.5,1,0.5,0.5,2
1018,878,Cufant,8,Normal,1,Steel,,0.5,2,1,1,0.5,0.5,2,0,2,0.5,0.5,0.5,0.5,1,0.5,1,0.5,0.5
1019,879,Copperajah,8,Normal,1,Steel,,0.5,2,1,1,0.5,0.5,2,0,2,0.5,0.5,0.5,0.5,1,0.5,1,0.5,0.5
1020,880,Dracozolt,8,Normal,2,Electric,Dragon,1,0.5,0.5,0,0.5,2,1,1,2,0.5,1,1,1,1,2,1,0.5,2
1021,881,Arctozolt,8,Normal,2,Electric,Ice,1,2,1,0,1,0.5,2,1,2,0.5,1,1,2,1,1,1,1,1
1022,882,Dracovish,8,Normal,2,Water,Dragon,1,0.25,0,1,1,1,1,1,1,1,1,1,1,1,2,1,0.5,2
1023,883,Arctovish,8,Normal,2,Water,Ice,1,1,0,2,2,0.25,2,1,1,1,1,1,2,1,1,1,1,1
1024,884,Duraludon,8,Normal,2,Steel,Dragon,0.5,1,0.5,0.5,0.25,1,2,0,2,0.5,0.5,0.5,0.5,1,1,1,0.5,1
1025,885,Dreepy,8,Normal,2,Dragon,Ghost,0,0.5,0.5,0.5,0.5,2,0,0.5,1,1,1,0.5,1,2,2,2,1,2
1026,886,Drakloak,8,Normal,2,Dragon,Ghost,0,0.5,0.5,0.5,0.5,2,0,0.5,1,1,1,0.5,1,2,2,2,1,2
1027,887,Dragapult,8,Normal,2,Dragon,Ghost,0,0.5,0.5,0.5,0.5,2,0,0.5,1,1,1,0.5,1,2,2,2,1,2
1028,888,Zacian Crowned Sword,8,Legendary,2,Fairy,Steel,0.5,2,1,1,0.5,0.5,1,0,2,0.5,0.5,0.25,0.5,1,0,0.5,1,0.5
1029,888,Zacian Hero of Many Battles,8,Legendary,1,Fairy,,1,1,1,1,1,1,0.5,2,1,1,1,0.5,1,1,0,0.5,2,1
1030,889,Zamazenta Crowned Shield,8,Legendary,2,Fighting,Steel,0.5,2,1,1,0.5,0.5,2,0,2,1,1,0.25,0.25,1,0.5,0.5,0.5,1
1031,889,Zamazenta Hero of Many Battles,8,Legendary,1,Fighting,,1,1,1,1,1,1,1,1,1,2,2,0.5,0.5,1,1,0.5,1,2
1032,890,Eternatus,8,Legendary,2,Poison,Dragon,1,0.5,0.5,0.5,0.25,2,0.5,0.5,2,1,2,0.5,1,1,2,1,1,1
1033,890,Eternatus Eternamax,8,Legendary,2,Poison,Dragon,1,0.5,0.5,0.5,0.25,2,0.5,0.5,2,1,2,0.5,1,1,2,1,1,1
1034,891,Kubfu,8,Sub Legendary,1,Fighting,,1,1,1,1,1,1,1,1,1,2,2,0.5,0.5,1,1,0.5,1,2
1035,892,Urshifu Single Strike Style,8,Sub Legendary,2,Fighting,Dark,1,1,1,1,1,1,2,1,1,2,0,1,0.5,0.5,1,0.25,1,4
1036,892,Urshifu Rapid Strike Style,8,Sub Legendary,2,Fighting,Water,1,0.5,0.5,2,2,0.5,1,1,1,2,2,0.5,0.5,1,1,0.5,0.5,2
1037,893,Zarude,8,Mythical,2,Dark,Grass,1,2,0.5,0.5,0.5,2,2,2,0.5,2,0,4,1,0.5,1,0.5,1,2
1038,894,Regieleki,8,Sub Legendary,1,Electric,,1,1,1,0.5,1,1,1,1,2,0.5,1,1,1,1,1,1,0.5,1
1039,895,Regidrago,8,Sub Legendary,1,Dragon,,1,0.5,0.5,0.5,0.5,2,1,1,1,1,1,1,1,1,2,1,1,2
1040,896,Glastrier,8,Sub Legendary,1,Ice,,1,2,1,1,1,0.5,2,1,1,1,1,1,2,1,1,1,2,1
1041,897,Spectrier,8,Sub Legendary,1,Ghost,,0,1,1,1,1,1,0,0.5,1,1,1,0.5,1,2,1,2,1,1
1042,898,Calyrex,8,Legendary,2,Psychic,Grass,1,2,0.5,0.5,0.5,2,0.5,2,0.5,2,0.5,4,1,2,1,2,1,1
1043,898,Calyrex Ice Rider,8,Legendary,2,Psychic,Ice,1,2,1,1,1,0.5,1,1,1,1,0.5,2,2,2,1,2,2,1
1044,898,Calyrex Shadow Rider,8,Legendary,2,Psychic,Ghost,0,1,1,1,1,1,0,0.5,1,1,0.5,1,1,4,1,4,1,1
